Employee_ID,First_Name,Last_Name,Email,Phone_Number,Department_Region,Birth_Year,Age,Join_Date,Salary,Performance_Score,Remote_Work,Status
EMP3000,Ganesh,Reddy,ganesh.reddy@example.com,9542351161,Support-Karnataka,,59,8/31/2020,100252.34,Poor,Yes,Inactive
EMP3001,Lakshmi,Nathan,lakshmi.nathan@example.com,8255341928,HR-Punjab,2004,22,2/26/2017,113071.48,Average,No,Pending
EMP3002,Meena,Joshi,meena.joshi@example.com,7884969653,Sales-Delhi,1985,41,3/29/2025,142863.71,Poor,1,Inactive
EMP3003,Rahul,Bose,rahul.bose@example.com,6462704828,Operations-Rajasthan,1989,37,10/26/2017,146384.8,Excelent,N,On Leave
EMP3004,Shalini,Verma,shalini.verma@example.com,7278248963,Support-Tamil Nadu,1996,,11/8/2024,148165.17,Good,No,Active
EMP3005,Kiran,Rao,kiran.rao@example.com,8738299737,DevOps-Karnataka,1969,57,7/31/2017,,Excellent,Y,Inactive
EMP3006,Sanjay,Reddy,sanjay.reddy@example.com,6801326773,HR-Tamil Nadu,1986,40,2/23/2017,48776.11,Average,Yes,Active
EMP3007,Prakash  ,Sharma,prakash.sharma@example.com,7191361939,Operations-Punjab,1996,30,11/11/2025,32310.41,Average,TRUE,Active
EMP3008,Nisha,Iyer,nisha.iyer@example.com,8251354278,Marketing-Delhi,1973,53,7/19/2018,141127.29,,No,Inactive
EMP3009,Nisha,,nisha@example.com,6164005242,Admin-Karnataka,1973,53,4/29/2023,94152.96,Average,Y,On Leave
EMP3010,Pooja,Patel,pooja.patel@example.com,7322602563,Sales-Kerala,1974,52,2/2/2019,137372.69,Average,Yes,Pending
EMP3011,Hema,Reddy,hema.reddy@example.com,8294019655,Marketing-Telangana,1979,47,6/21/2019,66032.74,Average,Y,Active
EMP3012,Arjun,Reddy,,7366299468,Support-Delhi,1969,57,12/27/2021,64239.46,Average,N,On Leave
EMP3013,Deepa,Verma,deepa.verma@example.com,7791769367,IT-Punjab,1975,51,6/12/2022,104117.61,Good,FALSE,Active
EMP3014,Rahul,Kumar,rahul.kumar@example.com,7774348734,Support-Gujarat,1980,46,6/30/2016,125177.08,Average,0,Pending
EMP3015,Rajesh,Verma,rajesh.verma@example.com,8668893734,Operations-Maharashtra,1969,57,3/23/2020,76971.78,Excellent,0,On Leave
EMP3016,Arun,Das,arun.das@example.com,8641708053,Finance-Rajasthan,1990,36,12/10/2015,105343.71,Excellent,1,Pending
EMP3017,Kiran,Sharma,kiran.sharma@example.com,8966319314,Finance-Gujarat,2001,25,11/15/2017,120862.26,Excellent,N,Active
EMP3018,Nisha,Reddy,nisha.reddy@example.com,9694531473,HR-Punjab,1965,61,3/8/2016,79190.43,Poor,N,Pending
EMP3019,Vikram,Nathan,vikram.nathan@example.com,9014363495,Marketing-Telangana,2003,23,2/11/2015,89578.41,Poor,1,Pending
EMP3020,Arjun,Raman,arjun.raman@example.com,8352408240,Admin-Delhi,1977,49,8/30/2025,120273.7,Poor,Y,Inactive
EMP3021,Pooja,Verma,pooja.verma@example.com,6318699938,Legal-Telangana,1993,33,10/31/2017,142632.95,Poor,Yes,On Leave
EMP3022,Uma,Joshi,uma.joshi@example.com,6349361832,HR-Delhi,1981,45,12/12/2016,93999.03,Poor,Y,Pending
EMP3023,Naveen,Nair,naveen.nair@example.com,8902787429,Admin-Gujarat,1984,42,8/11/2020,92497.7,Poor,No,Active
EMP3024,Naveen,Mehta,naveen.mehta@example.com,9603859770,Finance-Kerala,1996,30,2/15/2024,120062.47,Average,1,Active
EMP3025,Pooja,Nair,pooja.nair@example.com,9773782639,Legal-Delhi,1984,42,1/17/2016,53087.58,Excellent,N,On Leave
EMP3026,Prakash,Nair,prakash.nair@example.com,7396360576,Support-Telangana,1983,43,7/3/2021,149862.79,Poor,1,On Leave
EMP3027,Swathi,Nair,swathi.nair@example.com,8780913431,DevOps-Karnataka,1994,,10/7/2024,106847.67,Average,Yes,Pending
EMP3028,Divya,Reddy,divya.reddy@example.com,9407482175,Admin-Kerala,1974,52,8/24/2022,124064.93,Poor,FALSE,On Leave
EMP3029,Deepa,Patel,deepa.patel@example.com,8395339421,HR-Delhi,1987,39,4/24/2018,27742.45,Excellent,No,Pending
EMP3030,Ganesh,Sharma,ganesh.sharma@example.com,8171236851,Admin-Kerala,1976,50,10/29/2024,146436.2,Good,1,On Leave
EMP3031,Arun,Gupta,arun.gupta@example.com,6471138267,Marketing-Karnataka,,31,4/18/2021,66000.79,Poor,0,Active
EMP3032,Anjali,Chatterjee,anjali.chatterjee@example.com,7171390053,DevOps-Rajasthan,,44,12/22/2019,80586.98,Average,N,On Leave
EMP3033,Hema,Subramaniam,hema.subramaniam@example.com,8024026811,IT-Kerala,2003,,8/15/2016,148440.91,Excellent,No,Inactive
EMP3034,Kiran,Raman,kiran.raman@example.com,8698478961,Support-Telangana,,,7/4/2019,78284.2,Poor,TRUE,On Leave
EMP3035,Divya,Chatterjee,divya.chatterjee@example.com,7809885165,DevOps-West Bengal,1971,55,11/10/2017,71787.63,Excellent,1,On Leave
EMP3036,Kiran,Patel,kiran.patel@example.com,6244550229,Legal-Punjab,1995,31,6/24/2024,94533.18,Good,No,On Leave
EMP3037,Karthik,Nair,karthik.nair@example.com,9438156149,DevOps-Kerala,1984,42,5/13/2021,99527.97,Excellent,0,Pending
EMP3038,Swathi,,swathi.verma@example.com,9071596966,IT-Maharashtra,1983,43,,118376.77,Good,N,Active
EMP3039,Vijay,Kumar,vijay.kumar@example.com,8523124329,Marketing-Karnataka,1971,55,11/16/2020,34830.89,Good,Yes,Inactive
EMP3040,Kiran,Iyer,kiran.iyer@example.com,9700541199,DevOps-Rajasthan,2004,22,7/18/2018,43869.68,Average,N,On Leave
EMP3041,Manoj,Subramaniam,manoj.subramaniam@example.com,0154665905,IT-Kerala,1997,29,2/28/2016,126370.85,Excellent,FALSE,Pending
EMP3042,Pooja,Das,pooja.das@example.com,9850542357,Marketing-Karnataka,1974,52,5/11/2022,112310.0,Excellent,Y,Active
EMP3043,Rahul,Nair,rahul.nair@example.com,9947383473,Support-Tamil Nadu,2004,22,10/26/2016,47605.75,Good,N,Inactive
EMP3044,Vikram,Joshi,vikram.joshi@example.com,9137506068,IT-Rajasthan,1981,N/A,3/21/2021,141786.69,Excellent,Y,Inactive
EMP3045,Vijay,Iyer,vijay.iyer@example.com,7410369711,Finance-Maharashtra,1995,31,11/29/2022,83638.77,Excellent,1,On Leave
EMP3046,Sneha,Nathan,sneha.nathan@example.com,6515319520,Sales-Rajasthan,2001,25,12/17/2015,90435.57,Excellent,1,On Leave
EMP3047,Suresh,Menon,suresh.menon@example.com,8505415667,Finance-Karnataka,,32,11/15/2023,49933.73,Poor,N,Inactive
EMP3048,Vijay,Krishnan,vijay.krishnan@example.com,9059640165,HR-West Bengal,2003,23,4/18/2018,65151.43,Average,TRUE,On Leave
EMP3049,Anjali,Menon,anjali.menon@example.com,8431027868,HR-Delhi,1988,38,5/13/2015,100636.85,Average,TRUE,Pending
EMP3050,Kiran,Gupta,kiran.gupta@example.com,7583132370,IT-Karnataka,1969,57,12/29/2019,149657.8,Average,N,Inactive
EMP3051,Vikram,Raman,vikram.raman@example.com,9801824225,Operations-Gujarat,1991,35,11/26/2025,64628.46,Average,TRUE,Inactive
EMP3052,Anitha,Raman,anitha.raman@example.com,7969078447,Support-Telangana,1984,42,3/10/2022,46079.49,Average,No,On Leave
EMP3053,Hema,Das,hema.das@example.com,6046963259,IT-Kerala,1985,41,8/26/2024,68171.32,Excellent,Y,Inactive
EMP3054,Sanjay,Menon,sanjay.menon@example.com,8565060983,Operations-Punjab,1980,46,7/27/2015,60169.54,Poor,,Inactive
EMP3055,Deepa,Iyer,deepa.iyer@example.com,9298259526,Legal-Karnataka,1971,55,10/20/2018,94728.98,Poor,FALSE,Pending
EMP3056,Anjali,Verma,anjali.verma@example.com,,DevOps-Tamil Nadu,1972,54,12/8/2023,137345.89,Poor,TRUE,Pending
EMP3057,Suresh,Patel,suresh.patel@example.com,7484344375,Sales-Maharashtra,2000,26,11/22/2020,72103.1,Average,N,Inactive
EMP3058,Pooja,Gupta,pooja.gupta@example.com,7083301657,Marketing-Maharashtra,1983,43,5/12/2025,80297.01,Good,N,Inactive
EMP3059,Kiran,,kiran@example.com,9206724004,Finance-West Bengal,1995,31,10/23/2025,60905.63,Excellent,No,Inactive
EMP3060,Divya,Krishnan,divya.krishnan@example.com,9851612275,Support-Gujarat,1972,54,4/9/2022,57158.11,Average,FALSE,Pending
EMP3061,Arun,Gupta,arun.gupta@example.com,7272795687,Legal-Tamil Nadu,1988,38,4/29/2016,83174.37,Average,N,Inactive
EMP3062,Hema,Rao,hema.rao@example.com,68707286797,Support-Kerala,2001,25,2/15/2025,88185.88,Average,FALSE,Pending
EMP3063,Swathi,Verma,swathi.verma@example.com,9661825128,Sales-West Bengal,1969,57,1/10/2025,33627.39,Poor,1,Pending
EMP3064,Rahul,Pillai,rahul.pillai@example.com,6907903067,Operations-Punjab,1979,47,2/3/2018,48560.06,Excellent,No,Active
EMP3065,Sanjay,Sharma,sanjay.sharma@example.com,9856624628,Legal-Rajasthan,1985,41,5/28/2022,90156.38,Good,0,On Leave
EMP3066,Shalini,Pillai,shalini.pillai@example.com,7735403317,Operations-Punjab,1989,37,4/2/2022,34883.8,Good,Yes,Inactive
EMP3067,Rajesh,Nathan,rajesh.nathan@example.com,7048996423,DevOps-Punjab,1984,42,7/29/2020,83250.51,Average,0,Inactive
EMP3068,Vijay,Subramaniam,vijay.subramaniam@example.com,6623120387,DevOps-Gujarat,1987,39,6/23/2020,48005.97,Excellent,No,Active
EMP3069,Nisha,Nathan,nisha.nathan@example.com,9156793341,Sales-Punjab,1999,27,5/31/2029,125770.96,Excellent,N,On Leave
EMP3070,Shalini,Sharma,,8890250392,Finance-Karnataka,1992,34,12/17/2025,132245.04,Excellent,1,Active
EMP3071,Rajesh,Das,rajesh.das@example.com,6477358662,Support-Kerala,1973,53,11/18/2015,87599.11,Poor,1,On Leave
EMP3072,Swathi,Das,swathi.das@example.com,,Finance-West Bengal,1974,52,3/12/2016,36440.05,Average,1,Pending
EMP3073,Kavya,Das,kavya.das@example.com,7712406596,Support-Maharashtra,1975,51,7/12/2020,43241.85,Average,Y,Pending
EMP3074,Suresh,Joshi,suresh.joshi@example.com,8193982807,Marketing-Rajasthan,1977,49,6/20/2019,146090.65,Poor,N,Pending
EMP3075,Sanjay,Joshi,sanjay.joshi@example.com,6135290965,DevOps-Maharashtra,1980,46,9/30/2019,123634.6,Poor,0,On Leave
EMP3076,Kavya,,kavya@example.com,6254573875,Support-Punjab,2001,25,3/11/2020,121542.78,Average,N,Active
EMP3077,Manoj,Joshi,manoj.joshi@example.com,9966033419,HR-Maharashtra,1980,46,9/17/2018,94981.12,Poor,0,Inactive
EMP3078,Shalini,Chatterjee,shalini.chatterjee@example.com,8125286692,Support-Kerala,2004,22,12/12/2018,130689.73,Average,FALSE,Inactive
EMP3079,Kavya,Menon,kavya.menon@example.com,9772190340,Finance-Gujarat,1976,50,8/8/2015,133190.28,Good,0,Pending
EMP3080,Pooja,Verma,pooja.verma@example.com,9451713395,HR-Rajasthan,1999,27,3/23/2024,119598.28,Good,FALSE,Active
EMP3081,Nisha,Patel,nisha.patel@example.com,7232536729,Marketing-Punjab,1999,27,4/13/2018,61166.66,Excellent,1,On Leave
EMP3082,Ganesh,Patel,ganesh.patel@example.com,7637454589,Admin-Kerala,1996,30,,121766.91,Poor,No,Pending
EMP3083,Shalini,Mehta,shalini.mehta@example.com,8152064361,DevOps-Tamil Nadu,1975,51,,144753.97,Good,N,On Leave
EMP3084,Arun,Rao,,7189092753,Marketing-Karnataka,1992,34,7/26/2017,72883.74,Average,1,Inactive
EMP3085,Rahul,Patel,rahul.patel@example.com,0103761379,HR-Rajasthan,1987,39,7/26/2016,55973.3,Average,N,Inactive
EMP3086,Lakshmi,Krishnan,lakshmi.krishnan@example.com,6832856914,DevOps - Karnataka,1969,,5/6/2025,32558.61,Poor,TRUE,On Leave
EMP3087,Anjali,Pillai,anjali.pillai@example.com,6564814917,Admin-Maharashtra,1973,53,9/8/2025,68338.14,Average,Y,Active
EMP3088,Lakshmi,Sharma,lakshmi.sharma@example.com,7536541951,Legal-Karnataka,1997,,2/20/2015,55568.93,Good,Yes,Pending
EMP3089,Prakash,Sharma,prakash.sharma@example.com,,DevOps-Telangana,1984,42,2/2/2015,71114.92,Good,1,Inactive
EMP3090,Swathi,Das,swathi.das@example.com,6990623445,DevOps-Tamil Nadu,1974,52,5/1/2025,53934.07,Average,Yes,Pending
EMP3091,Vijay,Krishnan,vijay.krishnan@example.com,6352135680,Legal-Karnataka,1975,51,5/9/2016,91990.57,Average,Yes,On Leave
EMP3092,Ravi,Menon,ravi.menon@example.com,6013721510,DevOps-Karnataka,1973,53,10/4/2023,147820.9,Average,No,On Leave
EMP3093,Priya,Menon,priya.menon@example.com,9263838065,Operations-Maharashtra,1976,50,8/31/2016,29331.18,Average,1,On Leave
EMP3094,Hema,Mehta,hema.mehta@example.com,7965223955,Legal-Delhi,,,12/8/2020,69679.11,Good,Y,Active
EMP3095,Arun,Raman,arun.raman@example.com,8002921851,DevOps-Punjab,,30,9/30/2021,52351.12,,FALSE,Inactive
EMP3096,Swathi,Das,swathi.das@example.com,9902959391,Operations-Gujarat,1976,50,12/22/2024,141105.65,Good,Y,Active
EMP3097,Rahul,Krishnan,rahul.krishnan@example.com,0186179327,HR-Kerala,1981,45,12/6/2018,57082.24,,TRUE,Pending
EMP3098,Deepa,Kumar,deepa.kumar@example.com,7688444310,HR-Punjab,1970,56,1/6/2025,85342.1,Good,No,Inactive
EMP3099,Pooja,Mehta,pooja.mehta@example.com,7565270477,Legal-Gujarat,1966,60,12/16/2025,35242.01,Poor,Y,Pending
EMP3100,Naveen,Gupta,naveen.gupta@example.com,+917172233206,Support-West Bengal,2002,24,5/5/2019,127300.65,Poor,N,Active
EMP3101,Swathi,Patel,swathi.patel@example.com,885646799,HR-Karnataka,1990,36,10/29/2020,82269.65,Poor,Yes,Active
EMP3102,Vijay,Nair,vijay.nair@example.com,8469137367,IT-Tamil Nadu,1982,44,3/2/2024,124206.51,Excellent,N,Pending
EMP3103,Shalini,Raman,shalini.raman@example.com,6357972798,Finance-Punjab,1966,60,4/2/2017,129622.08,Average,0,Active
EMP3104,Meena,Gupta,meena.gupta@example.com,7494466574,Legal-Delhi,1979,47,8/5/2019,89160.15,Excellent,TRUE,Active
EMP3105,Deepa,Bose,deepa.bose@example.com,6965207446,Marketing-Punjab,2003,23,5/27/2020,32979.63,Average,Y,Inactive
EMP3106,Anjali,Sharma,anjali.sharma@example.com,6353465549,Support-Gujarat,1987,39,6/5/2024,107201.84,Poor,TRUE,On Leave
EMP3107,Shalini,Reddy,shalini.reddy@example.com,6752500743,IT-Punjab,1989,37,10/6/2024,131779.97,Poor,0,Inactive
EMP3108,Meena,Subramaniam,meena.subramaniam@example.com,8421689421,Operations-West Bengal,1995,31,3/27/2017,116332.38,Good,,Inactive
EMP3109,Deepa,Verma,deepa.verma@example.com,6506489090,Finance-Kerala,1996,30,8/19/2025,138361.78,Good,No,Inactive
EMP3110,Ganesh,Kumar,ganesh.kumar@example.com,9393483564,Finance-Delhi,1965,61,6/6/2022,90038.65,Poor,No,Active
EMP3111,Pooja,Mehta,,7045561100,HR-Karnataka,1996,30,9/26/2020,34381.03,Good,Y,Active
EMP3112,Swathi,Menon,swathi.menon@example.com,6697972965,Marketing-Kerala,1990,36,5/16/2024,73214.44,Good,Yes,Inactive
EMP3113,Shalini,Nair,shalini.nair@example.com,0490028772,Marketing-Tamil Nadu,1998,28,5/3/2021,52998.11,Excellent,1,Pending
EMP3114,Suresh,Pillai,suresh.pillai@example.com,7755037589,IT-Karnataka,2001,25,1/6/2020,64507.69,Excellent,Yes,On Leave
EMP3115,Rajesh,Raman,rajesh.raman@example.com,8160917798,Admin-Punjab,1971,0,3/20/2024,114607.01,Good,1,Inactive
EMP3116,Sneha,Kumar,sneha.kumar@example.com,8722698485,Support-Maharashtra,1976,50,5/6/2019,107190.23,Poor,TRUE,On Leave
EMP3117,Uma,Chatterjee,uma.chatterjee@example.com,6810620034,Finance-Maharashtra,1985,41,4/22/2021,85046.24,Poor,N,Pending
EMP3118,Meena,Verma,meena.verma@example.com,9665800439,Support-Tamil Nadu,1993,33,4/17/2023,95235.62,Poor,Y,Active
EMP3119,Shalini,Joshi,shalini.joshi@example.com,6572025909,Support-Rajasthan,1977,49,8/28/2022,34308.62,Excellent,Y,On Leave
EMP3120,Deepa,Mehta,deepa.mehta@example.com,6573993056,Finance-Punjab,1997,29,7/11/2019,36493.19,Average,1,Active
EMP3121,Divya,Das,divya.das@example.com,+916386120750,Support-Punjab,1967,59,8/5/2018,89236.84,Excellent,FALSE,Pending
EMP3122,Priya,Menon,priya.menon@example.com,6476607283,Operations-Gujarat,1992,34,4/29/2016,91854.3,Excellent,No,On Leave
EMP3123,Vijay,Chatterjee,vijay.chatterjee@example.com,7239431290,Marketing-Tamil Nadu,2000,26,6/3/2021,99581.86,Average,Y,Inactive
EMP3124,Uma,Chatterjee,uma.chatterjee@example.com,8562053364,Legal-Gujarat,1987,39,2/14/2016,60642.14,Poor,Y,Inactive
EMP3125,Rahul,Krishnan,rahul.krishnan@example.com,7084887256,Finance-Rajasthan,1982,44,1/15/2021,49553.99,Excellent,No,Pending
EMP3126,Kiran,Subramaniam,kiran.subramaniam@example.com,7145303856,Support-Tamil Nadu,2004,22,7/28/2016,80777.56,Good,N,Pending
EMP3127,Manoj,Sharma,manoj.sharma@example.com,9790827231,Admin-Telangana,2001,25,2/5/2019,98459.85,Average,1,On Leave
EMP3128,Ravi,Rao,ravi.rao@example.com,7024286990,Operations-Kerala,1995,31,8/16/2021,45155.78,Excellent,TRUE,Active
EMP3129,Anjali,Verma,anjali.verma@example.com,6388629127,IT-West Bengal,2002,24,5/25/2022,88850.61,Poor,0,Active
EMP3130,Nisha,Sharma,nisha.sharma@example.com,9314986430,Legal-Punjab,1992,34,6/27/2015,112205.35,Poor,No,On Leave
EMP3131,Hema,  Kumar  ,hema.kumar@example.com,8495621372,Operations-Kerala,1992,34,8/2/2024,92013.11,Poor,0,Pending
EMP3132,Arjun,Das,arjun.das@example.com,6277038430,Operations-Tamil Nadu,1974,52,12/28/2015,33010.06,Excellent,0,On Leave
EMP3133,Arjun,Bose,arjun.bose@example.com,7937690426,Finance-Karnataka,1990,36,7/28/2021,-50038.8,Excellent,N,On Leave
EMP3134,Pooja,Iyer,pooja.iyer@example.com,9335658804,Support-Rajasthan,1993,33,8/20/2023,55409.16,Poor,0,Active
EMP3135,Karthik,Das,karthik.das@example.com,7111790807,Marketing-Delhi,1982,44,6/7/2025,138740.93,Good,FALSE,On Leave
EMP3136,Suresh,Mehta,suresh.mehta@example.com,8003691559,Support-Telangana,2001,25,9/30/2019,84790.01,Poor,0,Pending
EMP3137,Meena,Chatterjee,meena.chatterjee@example.com,7227026728,Operations-Delhi,1988,38,1/21/2020,47486.15,Good,FALSE,Pending
EMP3138,Suresh,Mehta,suresh.mehta@example.com,7455877169,Sales-Delhi,1995,31,5/8/2023,66832.07,Average,Y,Inactive
EMP3139,Ganesh,Nair,ganesh.nair@example.com,0434132611,Operations-Karnataka,1986,40,4/8/2018,113804.19,Poor,0,Inactive
EMP3140,Pooja,Sharma,pooja.sharma@example.com,8872829979,Finance-Karnataka,1989,37,3/9/2018,80395.05,Good,Y,Pending
EMP3141,Ganesh,Chatterjee,ganesh.chatterjee@example.com,8930853686,Marketing-West Bengal,1984,,7/3/2023,130993.31,Excellent,0,Pending
EMP3142,Meena,Das,meena.das@example.com,7080214427,Legal-Telangana,1999,27,7/27/2024,33557.99,Poor,0,Active
EMP3143,Anitha,Iyer,anitha.iyer@example.com,6367303718,Marketing-Gujarat,1967,59,9/2/2025,43260.98,Poor,Y,Active
EMP3144,Sanjay,Mehta,sanjay.mehta@example.com,9300979251,Support-Punjab,1995,31,12/14/2024,31510.94,Good,FALSE,Active
EMP3145,Sneha,Iyer,sneha.iyer@example.com,8077848739,Marketing-Maharashtra,1971,55,4/6/2021,123570.23,Poor,0,Inactive
EMP3146,Lakshmi,Krishnan,lakshmi.krishnan@example.com,8186387829,HR-Punjab,1983,43,2/3/2020,25089.98,Good,N,Inactive
EMP3147,Kavya,Krishnan,kavya.krishnan@example.com,9170586509,Sales-Delhi,1977,49,5/18/2024,73574.85,Average,Yes,pending 
EMP3148,Priya,Iyer,priya.iyer@example.com,6228685289,IT-Punjab,1977,49,1/5/2022,143437.92,Excellent,0,Pending
EMP3149,Lakshmi,Krishnan,lakshmi.krishnan@example.com,8043350488,Marketing-Rajasthan,1999,27,5/21/2025,118072.29,Poor,Y,Inactive
EMP3150,Uma,Subramaniam,uma.subramaniam@example.com,6961055661,Legal-Delhi,1984,42,4/17/2025,52179.66,Poor,Yes,On Leave
EMP3151,Anitha,Nathan,anitha.nathan@example.com,6790864168,Marketing-Punjab,1985,41,7/26/2015,109204.41,Excellent,1,On Leave
EMP3152,Rajesh,Nair,rajesh.nair@example.com,6425979270,Support-Rajasthan,1998,28,9/17/2023,78758.22,Excellent,N,On Leave
EMP3153,Anitha,Rao,anitha.rao@example.com,6698042043,IT-Rajasthan,1983,,3/31/2016,63139.76,Good,Y,Inactive
EMP3154,Nisha,Gupta  ,nisha.gupta@example.com,6384576205,Marketing - Karnataka,1989,37,12/14/2025,113711.1,Excellent,1,Active
EMP3155,Lakshmi,Verma,lakshmi.verma@example.com,9823298324,Operations-Tamil Nadu,1982,44,5/29/2019,107116.47,Good,1,On Leave
EMP3156,Prakash,Bose,prakash.bose@example.com,7312209949,Legal-Maharashtra,2000,26,1/24/2017,64699.7,Average,0,On Leave
EMP3157,Anitha,Nathan,anitha.nathan@example.com,7127975736,Support-Rajasthan,1988,38,4/24/2020,42189.09,Excellent,FALSE,Inactive
EMP3158,Priya,Nathan,priya.nathan@example.com,7476447264,Legal-Punjab,1967,59,4/10/2024,134720.87,Poor,0,Active
EMP3159,Priya,Bose,priya.bose@example.com,6117518689,Finance-Rajasthan,1999,27,1/21/2020,28114.01,Good,N,Inactive
EMP3160,Vijay,Chatterjee,vijay.chatterjee@example.com,6777809733,Finance-Maharashtra,1976,50,6/15/2018,63689.79,Good,TRUE,Onleave
EMP3161,Sneha,Joshi,sneha.joshi@example.com,7499982795,Legal-Punjab,1978,0,11/30/2018,29590.13,Average,Yes,Inactive
EMP3162,Karthik,Verma,karthik.verma@example.com,9954899529,HR-Telangana,1972,54,11/28/2020,76719.74,Excellent,Yes,On Leave
EMP3163,Arjun,Mehta,arjun.mehta@example.com,8488501556,Sales-Karnataka,1972,54,11/25/2021,149873.38,Good,Y,Active
EMP3164,Nisha,Kumar,nisha.kumar@example.com,6395512405,DevOps-Tamil Nadu,1995,31,9/13/2024,92120.94,Poor,N,On Leave
EMP3165,Ganesh,Chatterjee,ganesh.chatterjee@example.com,9807823578,Admin-Kerala,1982,44,8/31/2017,71447.95,Average,Yes,Active
EMP3166,Suresh,Nair,suresh.nair@example.com,7533448571,IT-Tamil Nadu,1998,28,6/30/2015,110881.54,Poor,N,On Leave
EMP3167,Meena,Gupta,meena.gupta@example.com,6662997954,Support-Kerala,1983,43,6/29/2018,101657.86,Good,Yes,Active
EMP3168,Sanjay,Chatterjee,sanjay.chatterjee@example.com,9701715772,DevOps-Karnataka,1994,32,8/11/2016,132637.03,Poor,Y,On Leave
EMP3169,Lakshmi,Nathan,lakshmi.nathan@example.com,8832197199,Support-Karnataka,1999,27,9/4/2017,102609.35,Poor,1,Pending
EMP3170,Pooja,Reddy,pooja.reddy@example.com,,Legal-West Bengal,1968,58,12/13/2024,97595.99,Good,N,Pending
EMP3171,Arjun,Das,arjun.das@example.com,9238656242,Sales-Punjab,1987,39,5/8/2015,54405.15,Average,0,Inactive
EMP3172,Karthik,Kumar,karthik.kumar@example.com,8689500975,Finance-West Bengal,2003,23,2/5/2020,88676.86,Average,Yes,Inactive
EMP3173,Sneha,Iyer,sneha.iyer@example.com,8654420949,DevOps-Punjab,2004,22,4/26/2023,107967.12,Average,No,Pending
EMP3174,Ganesh,Mehta,ganesh.mehta@example.com,9524372805,Sales-Telangana,1973,53,2/12/2018,56506.37,Average,TRUE,Inactive
EMP3175,Rahul,Nathan,rahul.nathan@example.com,9674286047,IT-Gujarat,1975,51,11/14/2018,31790.72,Excellent,Y,Inactive
EMP3176,Suresh,Bose,suresh.bose@example.com,8800106181,Operations-Rajasthan,1982,44,2/7/2016,56917.99,Good,FALSE,Inactive
EMP3177,Lakshmi,Pillai,lakshmi.pillai@example.com,9465421406,Legal-Delhi,1972,54,8/8/2024,100585.72,Good,N,Active
EMP3178,Priya,Gupta,priya.gupta@example.com,,Legal-West Bengal,1996,30,11/2/2019,52298.31,Average,Y,Active
EMP3179,Rajesh,Mehta,rajesh.mehta@example.com,8328063461,IT-Tamil Nadu,1995,31,1/10/2019,66679.96,Excellent,Y,Pending
EMP3180,Lakshmi,Mehta,lakshmi.mehta@example.com,9829310270,Legal-Delhi,1969,57,8/8/2020,91742.51,Excellent,Yes,Inactive
EMP3181,Uma,Nathan,uma.nathan@example.com,8198253092,Admin-Karnataka,1975,51,3/2/2024,38291.4,Good,Y,Pending
EMP3182,Divya,Gupta,divya.gupta@example.com,7324876329,Legal-Tamil Nadu,2004,22,11/11/2024,,Excellent,N,Pending
EMP3183,Nisha,Menon,nisha.menon@example.com,6277220054,Operations-Tamil Nadu,1977,49,1/27/2016,102365.12,Good,TRUE,Inactive
EMP3184,Ravi,Krishnan,ravi.krishnan@example.com,8313636317,Support-Maharashtra,1966,60,1/14/2025,54412.48,Poor,Y,Active
EMP3185,Priya,Patel,priya.patel@example.com,7983168739,IT-Kerala,1977,49,5/18/2021,32456.46,Poor,TRUE,Inactive
EMP3186,Manoj,,manoj@example.com,9867177318,IT-Delhi,2002,24,8/11/2025,43621.21,,0,Active
EMP3187,Rajesh,Patel,rajesh.patel@example.com,6658046498,DevOps-Telangana,1994,32,4/10/2015,147052.6,Poor,1,Active
EMP3188,Sanjay,Iyer,sanjay.iyer@example.com,7554864015,Marketing-Tamil Nadu,1988,38,2/9/2019,46908.43,Good,Yes,Inactive
EMP3189,Sneha,Bose,sneha.bose@example.com,6468275670,Admin-Gujarat,1969,57,12/24/2015,35021.3,Excellent,TRUE,Inactive
EMP3190,Karthik,Kumar,karthik.kumar@example.com,7547292842,Marketing-Kerala,1998,28,5/30/2018,95906.46,Average,Y,Active
EMP3191,Naveen,Nair,naveen.nair@example.com,8208854749,Marketing-Maharashtra,1967,59,8/28/2016,71614.37,Average,1,Pending
EMP3192,Hema,Subramaniam,hema.subramaniam@example.com,9186375998,Sales-Maharashtra,1972,54,6/6/2024,52545.6,Good,N,Active
EMP3193,Uma,Raman,,0591234785,Marketing-Kerala,1993,33,3/1/2023,135975.61,Poor,1,Pending
EMP3194,Kiran,Das,kiran.das@example.com,6462730147,Legal-Maharashtra,1989,37,3/24/2024,128281.04,Poor,TRUE,Pending
EMP3195,Karthik,Nathan,karthik.nathan@example.com,6448183219,DevOps-Karnataka,2001,,7/10/2021,32313.8,Good,Y,On Leave
EMP3196,Pooja,Krishnan,pooja.krishnan@example.com,9711207545,Marketing-Karnataka,1987,39,11/27/2029,60177.22,Good,TRUE,Active
EMP3197,Manoj,Nathan,manoj.nathan@example.com,6890714014,HR-Delhi,1974,52,5/9/2017,41277.28,Excellent,1,Active
EMP3198,Kiran,Reddy,kiran.reddy@example.com,8280138759,Marketing-Tamil Nadu,1982,44,10/19/2016,131892.26,Excellent,Yes,Inactive
EMP3199,Swathi,Reddy,swathi.reddy@example.com,9386463175,HR-Kerala,1972,54,1/19/2019,113091.36,Average,1,On Leave
EMP3200,Swathi,Mehta,swathi.mehta@example.com,9579678427,Operations-West Bengal,1971,55,11/22/2016,33088.8,Poor,1,On Leave
EMP3201,Ravi,Mehta,ravi.mehta@example.com,8880061675,HR-Gujarat,1976,50,9/17/2016,62844.08,Poor,0,On Leave
EMP3202,Manoj,Joshi,manoj.joshi@example.com,9954500902,Finance-Gujarat,1984,42,3/24/2016,96106.9,Poor,Yes,Pending
EMP3203,Lakshmi,Subramaniam,lakshmi.subramaniam@example.com,9407905696,Marketing-West Bengal,1980,46,8/24/2021,35617.72,Excellent,Y,Pending
EMP3204,Divya,Mehta,divya.mehta@example.com,6954198763,Marketing-Maharashtra,1988,38,2/15/2022,130916.76,Good,1,Active
EMP3205,Karthik,Verma,karthik.verma@example.com,7572324665,Admin-Rajasthan,2000,26,11/23/2029,132838.73,Poor,1,Active
EMP3206,Uma,Iyer,uma.iyer@example.com,6448207001,Legal-Delhi,1972,54,12/9/2023,128403.6,Poor,TRUE,Inactive
EMP3207,Deepa,Iyer,deepa.iyer@example.com,8963632123,Finance-Delhi,1997,29,4/18/2024,97552.47,Poor,No,On Leave
EMP3208,Manoj,Patel,manoj.patel@example.com,7486451837,Marketing-Punjab,1980,46,7/4/2025,43113.94,Average,Yes,Active
EMP3209,Uma,Das,uma.das@example.com,8612481569,Admin-Delhi,1975,51,11/11/2024,126530.97,Average,0,Pending
EMP3210,Pooja,Krishnan,pooja.krishnan@example.com,8295431652,Finance-Tamil Nadu,1984,42,10/8/2016,56200.45,Good,N,Inactive
EMP3211,Vijay,Subramaniam,vijay.subramaniam@example.com,6333447626,HR-Gujarat,1975,N/A,9/3/2016,36132.66,Excellent,1,Pending
EMP3212,Nisha,Rao,nisha.rao@example.com,9941180053,Finance-Tamil Nadu,1981,45,10/14/2017,71204.72,Excellent,1,Pending
EMP3213,Lakshmi,Nathan,lakshmi.nathan@example.com,6586241502,Admin-Punjab,1984,42,6/25/2016,146007.23,Average,Y,Inactive
EMP3214,Naveen,Gupta,naveen.gupta@example.com,8276170758,Admin-Punjab,1975,51,7/26/2023,143756.34,Poor,TRUE,Pending
EMP3215,Sneha,Reddy,sneha.reddy@example.com,+916416591520,Finance-Maharashtra,1982,44,5/19/2017,97943.42,Good,1,On Leave
EMP3216,,Mehta,naveen.mehta@example.com,7610326642,Legal-Gujarat,2001,25,12/28/2023,105455.5,Excellent,No,Inactive
EMP3217,Sneha,Patel,sneha.patel@example.com,+919327881476,HR-Kerala,1996,30,1/4/2018,95382.13,Average,0,On Leave
EMP3218,Hema,Mehta,hema.mehta@example.com,7260164597,Operations-Telangana,2000,26,3/16/2016,88831.45,Average,Yes,Pending
EMP3219,Manoj,Nathan,manoj.nathan@example.com,9412203103,HR-Rajasthan,1971,55,3/19/2029,39584.78,Poor,0,On Leave
EMP3220,Sanjay,Mehta,sanjay.mehta@example.com,6501667998,IT-Karnataka,1994,32,4/22/2016,45763.19,Poor,TRUE,Pending
EMP3221,Priya,Mehta,priya.mehta@example.com,6243757383,DevOps-Delhi,1998,,3/16/2021,32938.82,Poor,Y,Pending
EMP3222,Swathi,Krishnan,swathi.krishnan@example.com,6674338005,Operations-West Bengal,1988,38,6/21/2024,45253.22,Excellent,FALSE,Pending
EMP3223,Lakshmi,Menon,lakshmi.menon@example.com,9119918081,HR-Rajasthan,2000,26,10/25/2018,123110.73,Average,No,Pending
EMP3224,Divya,Rao,divya.rao@example.com,8565328632,HR-Maharashtra,1986,40,4/6/2017,79888.56,Good,N,Active
EMP3225,Kavya,Patel,kavya.patel@example.com,8668455048,DevOps-Maharashtra,1998,28,7/13/2018,75206.36,Poor,FALSE,Active
EMP3226,Rahul,Das,rahul.das@example.com,6089434681,Marketing-West Bengal,1984,42,5/17/2019,115637.34,Average,Y,Inactive
EMP3227,Naveen,Raman,naveen.raman@example.com,6589357126,DevOps-Telangana,1965,61,1/12/2024,118219.76,Good,TRUE,Inactive
EMP3228,Karthik,Iyer,karthik.iyer@example.com,9728813770,Support-West Bengal,1998,28,7/21/2021,87353.41,Poor,FALSE,Inactive
EMP3229,Pooja,Raman,pooja.raman@example.com,6185106794,Admin-Tamil Nadu,1972,54,5/27/2018,N/A,Poor,Y,Pending
EMP3230,Prakash,Krishnan,prakash.krishnan@example.com,8120948181,Support-Gujarat,1993,33,1/1/2016,124976.45,Good,No,Pending
EMP3231,Nisha,Chatterjee,nisha.chatterjee@example.com,9056260856,Sales-Karnataka,1999,27,2/26/2028,55660.84,Poor,Y,Active
EMP3232,Divya,Reddy,divya.reddy@example.com,7788614057,Operations-Maharashtra,1985,41,5/5/2018,73742.46,Average,Yes,Inactive
EMP3233,,Mehta,karthik.mehta@example.com,9007942007,IT-Punjab,1973,53,12/10/2015,130784.73,Good,TRUE,Pending
EMP3234,Ravi,Das,ravi.das@example.com,,Finance-Punjab,1984,42,4/24/2024,42456.28,Poor,Y,On Leave
EMP3235,Rajesh  ,  Nair,rajesh.nair@example.com,6753703045,DevOps-West Bengal,1969,57,2/25/2024,108951.63,Poor,FALSE,Active
EMP3236,Naveen,Nathan,naveen.nathan@example.com,6249384308,Sales-Telangana,2003,23,3/17/2024,104804.51,Poor,TRUE,Inactive
EMP3237,Swathi  ,Chatterjee,swathi.chatterjee@example.com,7519036133,Marketing-West Bengal,1991,35,3/26/2020,86946.84,Good,1,Pending
EMP3238,Deepa,Iyer,deepa.iyer@example.com,6006512070,Marketing-Telangana,1995,31,8/11/2015,127704.22,Excellent,No,Active
EMP3239,Ganesh,Patel,ganesh.patel@example.com,7110919392,HR-Rajasthan,1979,47,12/30/2021,26325.82,Excellent,Yes,On Leave
EMP3240,Ravi,Raman,ravi.raman@example.com,7038806533,Sales-Maharashtra,1992,34,1/5/2019,63898.53,Good,Y,Active
EMP3241,Sanjay,Iyer,sanjay.iyer@example.com,9933756362,Marketing-Rajasthan,1986,40,10/26/2016,38105.99,Poor,,Inactive
EMP3242,Arun,,arun@example.com,7302410261,Support-Karnataka,1993,33,8/2/2023,69988.65,Average,TRUE,Inactive
EMP3243,Sanjay,Verma,sanjay.verma@example.com,8253042897,Legal-West Bengal,1969,57,6/19/2016,124362.26,Average,TRUE,Inactive
EMP3244,Karthik,Mehta,karthik.mehta@example.com,9363466925,Support-Kerala,1994,32,11/22/2020,111813.71,Average,No,Inactive
EMP3245,Karthik,Nair,karthik.nair@example.com,6431115083,Support-Rajasthan,1993,33,1/9/2024,87192.88,Poor,Y,On Leave
EMP3246,Swathi,Krishnan,swathi.krishnan@example.com,9333738987,Legal-Maharashtra,1999,27,,62434.27,Poor,No,Inactive
EMP3247,Manoj,Krishnan,manoj.krishnan@example.com,9845909022,IT-Gujarat,,26,10/18/2024,41043.21,,N,Pending
EMP3248,Suresh,Subramaniam,suresh.subramaniam@example.com,0131643348,IT-West Bengal,1989,37,5/21/2021,145242.27,Good,Yes,Pending
EMP3249,Lakshmi,,lakshmi@example.com,7874302716,Operations-West Bengal,1972,54,5/2/2023,33595.37,Good,0,On Leave
EMP3250,Anitha,Bose,anitha.bose@example.com,6603248413,HR-Telangana,1994,32,11/20/2023,62181.09,Good,1,Inactive
EMP3251,Kavya,Chatterjee,kavya.chatterjee@example.com,6257771183,Operations-Gujarat,1978,48,10/27/2015,104858.33,Average,0,On Leave
EMP3252,Manoj,Nair,manoj.nair@example.com,6647090063,Finance-Telangana,1990,36,2/15/2015,109672.89,Good,FALSE,Active
EMP3253,,Pillai,lakshmi.pillai@example.com,9133155206,HR-Delhi,1971,55,11/18/2016,115501.44,Average,TRUE,Pending
EMP3254,Arun,Das,arun.das@example.com,7525715099,Sales-Karnataka,1991,35,2/22/2016,114066.39,Good,Y,Pending
EMP3255,Arjun,  Pillai,arjun.pillai@example.com,7450864035,Admin-Delhi,1980,46,3/15/2019,87340.81,Excellent,1,On Leave
EMP3256,Sanjay,Chatterjee,sanjay.chatterjee@example.com,7381674233,IT-Rajasthan,1998,28,1/25/2015,33077.11,Excellent,FALSE,Inactive
EMP3257,Nisha,Pillai,nisha.pillai@example.com,6498282467,DevOps-Karnataka,1988,38,12/13/2019,77837.16,Good,No,Pending
EMP3258,Deepa,Das,deepa.das@example.com,6692364587,IT - Tamil Nadu,1997,29,7/16/2019,140711.38,Average,Yes,Active
EMP3259,Lakshmi,Sharma,lakshmi.sharma@example.com,7626448869,Marketing-Tamil Nadu,1974,52,8/21/2022,43420.92,Good,1,Active
EMP3260,Kavya,Iyer,kavya.iyer@example.com,7372817932,IT-West Bengal,1965,61,1/7/2015,37108.83,Poor,FALSE,Inactive
EMP3261,Anjali,Menon,anjali.menon@example.com,6138069847,Legal-Karnataka,1975,51,5/25/2016,59595.28,Poor,Yes,Active
EMP3262,Suresh,Nathan,suresh.nathan@example.com,8797863050,Marketing-West Bengal,1968,58,1/16/2024,37522.17,Good,Y,Inactive
EMP3263,Shalini,Sharma,shalini.sharma@example.com,8872717833,Legal-Karnataka,1995,31,2/24/2025,37556.97,Good,No,Active
EMP3264,Kiran,Iyer,kiran.iyer@example.com,+918668633414,Operations-Telangana,1981,45,7/9/2022,40387.26,Poor,TRUE,Active
EMP3265,Karthik,Krishnan,karthik.krishnan@example.com,6608752437,Marketing-West Bengal,1965,61,2/16/2017,130889.82,Average,FALSE,Inactive
EMP3266,Rahul,Nathan,rahul.nathan@example.com,7027642086,Marketing-Telangana,1972,54,6/8/2021,84785.34,Poor,TRUE,Inactive
EMP3267,Swathi,Mehta,swathi.mehta@example.com,7333059126,IT-Punjab,1973,53,9/16/2024,125633.97,Poor,0,On Leave
EMP3268,Kavya,Menon,kavya.menon@example.com,8750111178,Support-Kerala,1974,52,5/20/2015,39850.32,Good,No,Pending
EMP3269,Vikram,Subramaniam,vikram.subramaniam@example.com,,Operations-Gujarat,1992,34,8/25/2018,32937.29,Good,1,Pending
EMP3270,Manoj,Krishnan,manoj.krishnan@example.com,7975859883,Sales-Karnataka,1997,29,12/3/2016,77881.42,,Y,Pending
EMP3271,Swathi,Sharma,swathi.sharma@example.com,7143598926,Legal-Punjab,1987,39,9/25/2019,34294.96,Good,Y,Inactive
EMP3272,Suresh,Patel,suresh.patel@example.com,7849718594,Support-West Bengal,1970,56,1/24/2018,43291.2,Excellent,1,Active
EMP3273,Nisha,Reddy,nisha.reddy@example.com,7967275784,Support-Punjab,1990,36,2/8/2015,110832.29,Good,Yes,On Leave
EMP3274,Kavya,Bose,kavya.bose@example.com,7778816093,Admin-West Bengal,1970,56,9/10/2017,143108.37,Average,No,Pending
EMP3275,Anjali,Kumar,anjali.kumar@example.com,7515381447,Support-Rajasthan,1993,33,11/21/2024,120463.81,Average,No,Pending
EMP3276,Sanjay,Kumar,sanjay.kumar@example.com,,Support-Tamil Nadu,2004,22,1/25/2015,101941.28,Excellent,1,Active
EMP3277,Kiran,Gupta,kiran.gupta@example.com,6237416787,Admin-Karnataka,1993,33,11/13/2019,25726.28,Excellent,1,On Leave
EMP3278,Rajesh,Nair,rajesh.nair@example.com,8716392823,Operations-Maharashtra,1971,55,11/10/2018,87500.12,Average,Yes,On Leave
EMP3279,Divya,Gupta,divya.gupta@example.com,6066843356,HR-Punjab,1977,49,2/11/2022,43590.76,Average,0,pending 
EMP3280,Arjun,Patel,arjun.patel@example.com,8541108255,Operations-Delhi,1968,58,,107553.84,Average,FALSE,Pending
EMP3281,Lakshmi,Subramaniam,lakshmi.subramaniam@example.com,7820236848,HR-Maharashtra,2003,23,3/25/2025,135505.17,Poor,N,Pending
EMP3282,Prakash,Raman,prakash.raman@example.com,9694320293,Support-Tamil Nadu,1982,44,7/6/2015,144475.37,Good,No,Pending
EMP3283,Arun,Bose,arun.bose@example.com,6059551842,Admin-Punjab,1979,0,3/4/2022,43517.43,Average,FALSE,Inactive
EMP3284,Nisha,Verma,nisha.verma@example.com,8439627365,Admin-Maharashtra,1966,60,9/23/2023,142377.11,Poor,FALSE,Inactive
EMP3285,Sneha,Iyer,sneha.iyer@example.com,6916601002,Finance-Telangana,1975,51,9/16/2022,100977.76,Good,1,Inactive
EMP3286,Karthik,  Gupta,karthik.gupta@example.com,6841862030,Marketing-Karnataka,1995,31,2/23/2024,45393.06,Excellent,No,Active
EMP3287,Vijay,Nair,vijay.nair@example.com,7624945147,HR-Gujarat,1972,54,2/28/2018,69663.49,Excellent,FALSE,On Leave
EMP3288,,Gupta,uma.gupta@example.com,8576769523,Finance-Kerala,1993,33,5/13/2020,126831.22,Average,TRUE,Pending
EMP3289,Pooja,Mehta,pooja.mehta@example.com,7472863330,Operations-Punjab,1979,47,1/12/2015,50409.96,Poor,No,On Leave
EMP3290,Divya,Nair,divya.nair@example.com,9657041200,Legal-Karnataka,2003,23,2/5/2019,42659.69,,TRUE,On Leave
EMP3291,Meena,Bose,meena.bose@example.com,9756620563,Admin-Rajasthan,1979,47,11/29/2025,36492.07,Good,1,Active
EMP3292,Divya,Iyer,divya.iyer@example.com,6405468356,HR-Karnataka,1965,61,3/9/2021,50215.74,Excellent,0,On Leave
EMP3293,Rahul,Reddy,rahul.reddy@example.com,7889857254,Sales-Rajasthan,1995,31,4/3/2018,45152.88,Excellent,FALSE,Inactive
EMP3294,Shalini,Patel,shalini.patel@example.com,6495511274,Legal-Karnataka,2001,25,1/10/2024,26867.72,Excellent,TRUE,Inactive
EMP3295,Ravi,Joshi,ravi.joshi@example.com,6380214629,Admin-West Bengal,2004,22,2/11/2019,89059.91,Excellent,N,Active
EMP3296,Karthik,Pillai,karthik.pillai@example.com,6827235909,DevOps-Karnataka,1971,55,8/13/2023,79139.3,Average,0,Pending
EMP3297,Priya,Raman,priya.raman@example.com,6654235677,Operations-Telangana,1976,50,7/18/2019,35213.64,Poor,N,Active
EMP3298,Hema,Menon,hema.menon@example.com,66480727,Support-Rajasthan,2002,24,3/27/2024,142371.13,Average,TRUE,On Leave
EMP3299,Kavya,Chatterjee,kavya.chatterjee@example.com,6276528928,Legal-Tamil Nadu,1988,,8/18/2020,127381.44,Poor,1,On Leave
EMP3300,Deepa,Patel,deepa.patel@example.com,7786137157,HR-Karnataka,1966,60,7/26/2020,118742.96,Poor,N,Inactive
EMP3301,Naveen,,naveen@example.com,8296386396,IT-Punjab,1981,45,3/13/2025,76839.57,Poor,Y,On Leave
EMP3302,Hema,Subramaniam,hema.subramaniam@example.com,6609209819,Marketing-Punjab,1979,47,8/27/2020,39796.59,Average,N,Active
EMP3303,Anjali,Nair,anjali.nair@example.com,6244211753,IT-Telangana,1980,46,3/29/2019,121298.95,Good,No,Active
EMP3304,Sneha,Kumar,sneha.kumar@example.com,6390808823,Marketing-Gujarat,1976,50,5/25/2022,95911.73,Average,No,On Leave
EMP3305,Divya,Rao,divya.rao@example.com,9199423767,Admin-Gujarat,1970,56,4/20/2018,83380.47,Poor,FALSE,On Leave
EMP3306,Anjali,Gupta,anjali.gupta@example.com,8313552510,Marketing-Karnataka,1967,59,8/6/2019,61684.19,Average,Y,Inactive
EMP3307,Arun,Krishnan,arun.krishnan@example.com,9704611729,Admin-Rajasthan,1978,48,10/25/2021,143283.88,Poor,N,Active
EMP3308,Vijay,Pillai,vijay.pillai@example.com,9185790647,DevOps-Telangana,,36,11/30/2020,29890.03,Excellent,N,On Leave
EMP3309,Ganesh,Reddy,ganesh.reddy@example.com,6041459642,Finance-Karnataka,1992,34,2/13/2023,137784.56,Excellent,N,Active
EMP3310,Vikram,Joshi,vikram.joshi@example.com,7311703037,Operations-Gujarat,1998,28,6/1/2022,86262.98,Poor,Y,On Leave
EMP3311,Sanjay,Mehta,sanjay.mehta@example.com,,Admin-Gujarat,1997,29,4/12/2025,70455.47,Good,N,On Leave
EMP3312,Swathi,Bose,swathi.bose@example.com,9103131009,Finance-West Bengal,1997,29,2/23/2019,37226.59,Poor,TRUE,Pending
EMP3313,Karthik,Chatterjee,karthik.chatterjee@example.com,7512257207,HR-Delhi,1982,44,4/13/2017,68454.14,Excellent,1,Inactive
EMP3314,Arun,Menon,,8577584745,Marketing-Gujarat,1996,30,7/5/2015,127365.8,Good,FALSE,Active
EMP3315,Naveen,Raman,naveen.raman@example.com,7614878245,Legal-Gujarat,1998,28,12/22/2025,76289.87,Average,1,Active
EMP3316,Vijay,Subramaniam,vijay.subramaniam@example.com,8741407034,Marketing-Rajasthan,1994,32,11/22/2018,61051.07,Good,Y,Inactive
EMP3317,Divya  ,,divya.sharma@example.com,8366614494,Finance-Kerala,1997,29,9/27/2016,144210.66,Good,Y,Pending
EMP3318,Kavya,Krishnan,kavya.krishnan@example.com,9567667080,IT-Telangana,1984,42,2/13/2021,47921.52,Excellent,Y,On Leave
EMP3319,Kavya,Iyer,kavya.iyer@example.com,6415914975,Finance-Rajasthan,2001,25,6/23/2024,74082.42,,0,Active
EMP3320,Divya,Subramaniam,divya.subramaniam@example.com,7170876014,DevOps-Maharashtra,1974,52,7/3/2025,25806.35,Excellent,Yes,Inactive
EMP3321,Meena,Pillai,meena.pillai@example.com,8466176620,Legal-Karnataka,1966,60,5/16/2022,55085.24,Good,Yes,Pending
EMP3322,Divya,Subramaniam,divya.subramaniam@example.com,7595724461,DevOps-Tamil Nadu,1987,39,2/9/2023,,Good,1,Inactive
EMP3323,Ganesh,Mehta,ganesh.mehta@example.com,8331266109,Support-Telangana,1985,41,7/22/2021,102184.38,Good,1,Pending
EMP3324,Priya,Iyer,priya.iyer@example.com,6302056981,HR-Gujarat,2001,25,7/4/2020,79689.36,Good,TRUE,Active
EMP3325,Swathi,Bose,swathi.bose@example.com,6344651241,Legal-Punjab,1969,57,10/19/2024,33858.45,Average,Yes,On Leave
EMP3326,Anitha,Bose,anitha.bose@example.com,7719905169,HR-Rajasthan,1981,45,9/23/2019,57610.14,Good,Y,Active
EMP3327,Uma,Iyer,uma.iyer@example.com,9066266821,DevOps-Punjab,1987,39,7/12/2024,134556.23,Excellent,0,Active
EMP3328,Prakash,Nathan,prakash.nathan@example.com,9240559342,IT-Karnataka,1979,47,1/22/2024,124147.61,Excellent,No,Inactive
EMP3329,Sneha,Reddy,sneha.reddy@example.com,9413283483,Marketing-Delhi,1984,42,4/13/2018,133621.37,Average,No,Pending
EMP3330,Anjali,Nair,anjali.nair@example.com,7626804085,Sales-Gujarat,1982,44,4/11/2024,145637.06,Poor,1,Inactive
EMP3331,Uma,Nathan,uma.nathan@example.com,9998426732,IT-Tamil Nadu,2004,22,3/6/2023,141070.81,Poor,N,Pending
EMP3332,Ravi,Gupta,ravi.gupta@example.com,6578360914,Legal-Telangana,1981,45,10/26/2021,26542.39,Average,No,Pending
EMP3333,Pooja,Krishnan,pooja.krishnan@example.com,8058093511,DevOps-Maharashtra,1976,50,7/23/2015,54084.06,Poor,FALSE,On Leave
EMP3334,Divya,Bose,divya.bose@example.com,8290193588,HR-West Bengal,,52,1/15/2019,66873.22,Poor,No,Active
EMP3335,Rajesh,Raman,rajesh.raman@example.com,8353537513,HR-Karnataka,1979,47,1/25/2022,93529.13,Excellent,0,Inactive
EMP3336,Prakash,Patel,prakash.patel@example.com,9682973270,Legal-Delhi,1991,35,5/28/2016,140714.62,Good,N,Active
EMP3337,Kavya,Gupta,kavya.gupta@example.com,6157676472,Operations-Tamil Nadu,1969,57,4/20/2025,73514.27,Good,N,Active
EMP3338,Anjali,Subramaniam,anjali.subramaniam@example.com,8220368499,Marketing-Gujarat,1993,33,2/18/2018,143096.01,Average,1,Pending
EMP3339,Lakshmi,Verma,lakshmi.verma@example.com,8349678274,Admin-Rajasthan,1979,47,4/27/2017,94020.43,Excellent,FALSE,active
EMP3340,Rajesh,Reddy,rajesh.reddy@example.com,7800329633,HR-Kerala,1979,47,9/7/2020,66917.15,Excellent,No,On Leave
EMP3341,Rahul,Mehta,rahul.mehta@example.com,8347769587,,1969,57,12/18/2022,47264.38,Poor,N,Inactive
EMP3342,Anitha,Reddy,anitha.reddy@example.com,8483608545,IT-West Bengal,1994,32,11/24/2018,112121.07,Poor,0,Active
EMP3343,Hema,Joshi,hema.joshi@example.com,8581083583,Sales-Telangana,1979,47,4/24/2017,122444.0,Average,Yes,Active
EMP3344,Naveen,Chatterjee,naveen.chatterjee@example.com,6416624111,Operations-Delhi,1980,46,3/24/2015,119390.23,Poor,Yes,Inactive
EMP3345,Rajesh,Patel,rajesh.patel@example.com,6368474883,Legal-West Bengal,2003,23,10/8/2019,-89044.45,Good,1,Pending
EMP3346,Sneha,Das,sneha.das@example.com,7697893074,Sales-West Bengal,1993,33,3/17/2022,63826.23,Excellent,1,Active
EMP3347,Anjali,Krishnan,anjali.krishnan@example.com,7812371067,Admin-Delhi,1996,30,4/24/2022,54467.42,Excellent,No,Active
EMP3348,Hema,Bose,hema.bose@example.com,9735228705,Operations-Telangana,1982,44,3/3/2019,95476.3,Good,N,On Leave
EMP3349,Rahul,Mehta,rahul.mehta@example.com,8964883192,Support-Gujarat,1968,58,10/1/2015,68806.6,Excellent,0,On Leave
EMP3350,Sanjay,Gupta,sanjay.gupta@example.com,7270510287,Operations-Kerala,2002,24,4/8/2023,133917.07,Good,TRUE,Inactive
EMP3351,Sneha,Krishnan,sneha.krishnan@example.com,6865205756,DevOps-Kerala,1998,28,10/15/2021,130273.9,Average,0,On Leave
EMP3352,Pooja,,pooja.rao@example.com,8090797727,Marketing-Punjab,2002,24,2/19/2019,139475.89,NA,1,On Leave
EMP3353,Ganesh,Chatterjee,ganesh.chatterjee@example.com,7958066013,Finance-Maharashtra,,,9/13/2015,64279.57,Good,N,On Leave
EMP3354,Arjun,Nair,arjun.nair@example.com,8902035713,Support-West Bengal,1965,61,4/27/2016,67681.56,Poor,TRUE,Inactive
EMP3355,Swathi,Rao,swathi.rao@example.com,7096289365,Admin-Maharashtra,1991,35,11/28/2024,49903.08,Poor,Y,Pending
EMP3356,Swathi,Verma,swathi.verma@example.com,8150267551,HR-Punjab,1981,45,5/4/2025,39412.27,Good,1,Active
EMP3357,Lakshmi,Verma,lakshmi.verma@example.com,9649690282,Legal-Rajasthan,1990,36,2/10/2023,71651.85,Average,TRUE,Active
EMP3358,Prakash,Nathan,prakash.nathan@example.com,7336132850,Finance-Kerala,1968,58,8/3/2023,42682.62,Poor,TRUE,Active
EMP3359,Lakshmi,Reddy,lakshmi.reddy@example.com,7923555809,DevOps-Delhi,1971,55,6/27/2025,41690.78,Poor,N,Active
EMP3360,Vijay,Iyer,vijay.iyer@example.com,8160252986,Marketing-West Bengal,1992,34,7/28/2022,127659.38,Poor,Yes,Active
EMP3361,Arun,Mehta,arun.mehta@example.com,70594389764,HR-Rajasthan,1993,33,12/26/2022,66882.94,Good,0,Active
EMP3362,Priya,Reddy,priya.reddy@example.com,7218122764,Operations-Kerala,1966,60,1/1/2019,77132.53,Excellent,No,Pending
EMP3363,Manoj,Nathan,manoj.nathan@example.com,7416139449,DevOps-Tamil Nadu,,38,2/12/2023,104726.81,Excellent,Y,Active
EMP3364,Shalini,Pillai,shalini.pillai@example.com,6330531949,Admin-Maharashtra,1967,59,8/9/2022,,Poor,0,On Leave
EMP3365,Vikram,Patel,,6385445770,Marketing-Kerala,1993,33,8/5/2020,51329.67,Average,Yes,On Leave
EMP3366,Vikram,Menon,vikram.menon@example.com,9865369455,Admin-Punjab,1980,46,3/31/2019,100890.22,Good,Y,Inactive
EMP3367,Swathi,Krishnan,swathi.krishnan@example.com,7299819960,Admin-Gujarat,1976,50,,128733.29,Excellent,1,Active
EMP3368,Anitha,Menon,anitha.menon@example.com,9397327819,Operations-Punjab,1977,49,2/20/2019,115382.51,Good,Yes,Pending
EMP3369,Shalini,Menon,shalini.menon@example.com,6568761124,Operations-Punjab,1989,37,12/1/2017,135419.63,Excellent,Yes,Pending
EMP3370,Vikram,Reddy,vikram.reddy@example.com,6228403595,DevOps-Delhi,1986,40,1/31/2025,113635.36,Average,1,On Leave
EMP3371,Deepa,Menon,deepa.menon@example.com,8298585672,Finance-Maharashtra,1989,37,7/17/2024,51457.76,Average,1,Inactive
EMP3372,Sneha,Menon,sneha.menon@example.com,6615814888,IT-Delhi,2003,23,4/16/2022,49617.78,Excellent,FALSE,On Leave
EMP3373,Hema,Sharma,hema.sharma@example.com,7997718051,IT-Delhi,1994,32,12/24/2017,93996.96,Excellent,N,Inactive
EMP3374,Divya,Joshi,divya.joshi@example.com,7587844483,Legal-Tamil Nadu,1972,54,3/17/2022,49349.85,Poor,0,Pending
EMP3375,Swathi,Chatterjee,swathi.chatterjee@example.com,7348458714,Sales-Kerala,1997,29,9/26/2015,120054.73,Poor,TRUE,Active
EMP3376,Sanjay,Subramaniam,sanjay.subramaniam@example.com,8557469660,Finance-Rajasthan,1985,41,4/30/2022,99403.71,Good,N,On Leave
EMP3377,Vijay,Sharma,vijay.sharma@example.com,6325797067,Sales-Delhi,1981,45,8/11/2018,78437.29,Good,0,Active
EMP3378,Nisha,Subramaniam,nisha.subramaniam@example.com,8021557325,Admin-Karnataka,1969,57,8/22/2019,128038.84,Good,N,On Leave
EMP3379,Manoj,Raman,manoj.raman@example.com,9495119181,Sales-Maharashtra,1991,35,12/14/2023,31003.89,Average,Yes,On Leave
EMP3380,Hema,Bose,hema.bose@example.com,8096003562,HR-West Bengal,1994,32,4/15/2023,44025.66,Average,1,Pending
EMP3381,Anitha,Subramaniam,anitha.subramaniam@example.com,,Legal-Kerala,2001,25,4/24/2017,63560.21,Excellent,No,On Leave
EMP3382,Prakash,Joshi,prakash.joshi@example.com,8633185748,IT-West Bengal,1993,33,4/8/2019,98777.15,Excellent,1,On Leave
EMP3383,Manoj,,manoj@example.com,6232902822,Operations-Karnataka,1984,42,7/4/2024,106500.23,Poor,N,On Leave
EMP3384,Kiran,Sharma,kiran.sharma@example.com,8950050702,Operations-Maharashtra,1976,50,4/28/2023,126177.2,Excellent,FALSE,On Leave
EMP3385,Priya,Chatterjee,,6779323822,IT-Karnataka,1969,57,8/28/2019,132017.55,Excellent,Y,On Leave
EMP3386,Karthik,Reddy,karthik.reddy@example.com,,Admin-Kerala,1994,32,6/22/2021,148455.37,Average,Yes,Pending
EMP3387,Sneha,Mehta,sneha.mehta@example.com,65841-56082,IT-Gujarat,1999,27,5/8/2022,121063.88,Good,1,Pending
EMP3388,Manoj,Reddy,manoj.reddy@example.com,6858382521,Support-Karnataka,1997,29,12/6/2024,149818.1,Good,N,Inactive
EMP3389,Ganesh,Nathan,ganesh.nathan@example.com,6622723626,Operations-Delhi,1990,36,11/25/2025,77658.02,Average,Y,Active
EMP3390,Sanjay,Pillai,sanjay.pillai@example.com,8189721540,HR-Rajasthan,1974,52,2/2/2018,,Average,0,Pending
EMP3391,Prakash,Gupta,prakash.gupta@example.com,8448564510,DevOps-Telangana,1971,55,10/6/2025,99880.87,Poor,0,Active
EMP3392,Hema,Mehta,hema.mehta@example.com,9057798066,DevOps-Punjab,2001,25,5/17/2025,108444.63,Excellent,FALSE,Pending
EMP3393,Arun,Rao,arun.rao@example.com,7885652715,Sales-Gujarat,1981,45,12/14/2018,146697.45,Excellent,Y,Inactive
EMP3394,Pooja,Pillai,pooja.pillai@example.com,8882691311,Legal-Gujarat,1989,37,6/11/2020,68824.24,Good,No,On Leave
EMP3395,Uma,Das,uma.das@example.com,7373204309,Operations-Karnataka,1983,43,8/19/2018,149929.86,Good,0,Inactive
EMP3396,Manoj,Patel,manoj.patel@example.com,7187851935,Operations-Rajasthan,1989,37,1/30/2019,125428.26,Good,TRUE,Inactive
EMP3397,Ganesh,Chatterjee,ganesh.chatterjee@example.com,8097626374,DevOps-Gujarat,1969,57,4/12/2021,81058.53,Poor,N,On Leave
EMP3398,Swathi,Verma,swathi.verma@example.com,7071511696,Support-Rajasthan,1965,61,6/18/2023,69793.69,Excellent,FALSE,Inactive
EMP3399,Vijay,Mehta,vijay.mehta@example.com,7080056409,Admin-Gujarat,1981,45,4/5/2022,104125.92,Average,Yes,Active
EMP3400,Shalini,Iyer,shalini.iyer@example.com,8415298217,Marketing-Karnataka,1974,52,12/30/2024,80087.2,Good,No,Active
EMP3401,Rahul,Nathan,rahul.nathan@example.com,6589988683,DevOps-Karnataka,1969,57,9/7/2017,145048.38,Excellent,1,Active
EMP3402,Rahul,Joshi,rahul.joshi@example.com,80800463586,DevOps-Tamil Nadu,1985,41,6/6/2018,87201.83,Excellent,No,Inactive
EMP3403,Anjali,Bose,anjali.bose@example.com,7526356022,HR-Gujarat,1979,47,4/13/2017,86909.4,Excellent,No,Active
EMP3404,Nisha,Gupta,nisha.gupta@example.com,7311127128,IT-Telangana,1965,61,2/13/2018,130329.28,Average,0,Pending
EMP3405,Anjali,Gupta,anjali.gupta@example.com,6621136957,Legal-Telangana,1972,54,4/7/2017,143776.13,Good,0,Inactive
EMP3406,Manoj,Nathan,manoj.nathan@example.com,7357071398,Marketing-Tamil Nadu,1974,52,5/3/2025,46941.13,Excellent,Y,Inactive
EMP3407,Meena,Nair,meena.nair@example.com,6079649673,Sales-Rajasthan,1985,41,3/1/2016,,,Yes,Active
EMP3408,Nisha,Gupta,nisha.gupta@example.com,9253666777,Support-Kerala,1983,43,11/6/2025,73556.47,Excellent,Yes,Inactive
EMP3409,Manoj,Raman,manoj.raman@example.com,6335826862,IT-Rajasthan,2004,22,9/2/2024,120497.07,Good,1,Pending
EMP3410,Arun,Rao,arun.rao@example.com,6000515532,Finance-West Bengal,1977,49,10/3/2017,133503.76,Average,No,Active
EMP3411,Deepa,Iyer,deepa.iyer@example.com,6271026767,Finance-Telangana,2000,26,10/30/2016,76898.23,Good,N,Inactive
EMP3412,Arun,Subramaniam,arun.subramaniam@example.com,8415970996,Sales-Gujarat,2001,25,12/15/2015,135811.34,Average,No,Inactive
EMP3413,Lakshmi,Gupta,lakshmi.gupta@example.com,6463766046,Finance-Tamil Nadu,1984,42,10/14/2018,30056.97,Poor,No,Active
EMP3414,Hema,Bose,hema.bose@example.com,8129311005,Admin-Punjab,1983,43,4/21/2025,108975.99,Excellent,Yes,Inactive
EMP3415,Nisha,Iyer,nisha.iyer@example.com,8837379274,HR-Rajasthan,1973,53,11/29/2015,48196.85,Poor,No,Pending
EMP3416,Vikram,Sharma,vikram.sharma@example.com,0145380442,Support-Rajasthan,1972,54,2/5/2017,131077.04,Poor,0,On Leave
EMP3417,Sneha,Raman,sneha.raman@example.com,874758339,DevOps-Tamil Nadu,1970,56,4/3/2025,70184.97,Excellent,N,Pending
EMP3418,Kavya,Joshi,kavya.joshi@example.com,7923106724,DevOps-Gujarat,1989,37,7/25/2016,123533.16,Good,,Inactive
EMP3419,Arun,Mehta,arun.mehta@example.com,7670425496,DevOps-Rajasthan,1992,34,6/19/2020,146137.49,Excellent,N,Pending
EMP3420,Nisha,Nair,nisha.nair@example.com,8325939933,Legal-Gujarat,1993,33,8/4/2025,65775.08,Average,0,On Leave
EMP3421,Sneha,Kumar,sneha.kumar@example.com,7457598339,Support-Gujarat,1982,44,3/2/2017,123910.2,Excellent,Yes,Pending
EMP3422,Deepa,Sharma,deepa.sharma@example.com,6474397429,Operations-Tamil Nadu,1978,48,4/23/2022,105498.53,Good,TRUE,On Leave
EMP3423,Arun,Reddy,arun.reddy@example.com,9112218231,Operations-Punjab,1992,34,8/30/2018,101635.26,Average,No,Inactive
EMP3424,Lakshmi,Krishnan,lakshmi.krishnan@example.com,9003322855,Operations-West Bengal,2000,26,1/12/2020,44882.56,Good,Yes,Inactive
EMP3425,Ganesh,Das,ganesh.das@example.com,8485862394,Support-Karnataka,,24,7/6/2020,25894.05,Average,0,Active
EMP3426,Suresh,Gupta,suresh.gupta@example.com,7943804032,Support-West Bengal,1972,-5,10/20/2024,50697.9,Average,N,Active
EMP3427,Sanjay,Mehta,sanjay.mehta@example.com,8769210533,Finance-Gujarat,2003,23,8/12/2024,142228.15,Excellent,No,Active
EMP3428,Anjali,Raman,anjali.raman@example.com,,Admin-Maharashtra,1978,48,9/6/2025,110228.58,Poor,TRUE,On Leave
EMP3429,Sneha,Patel,sneha.patel@example.com,9304519577,HR-Telangana,1995,31,7/12/2022,58995.31,Poor,No,Pending
EMP3430,Lakshmi,Raman,lakshmi.raman@example.com,8778205829,Legal-West Bengal,1987,39,7/18/2022,118957.4,Average,N,On Leave
EMP3431,Ganesh,Menon,ganesh.menon@example.com,8868639561,Operations-Karnataka,1972,54,10/29/2020,,Good,N,On Leave
EMP3432,Ganesh,Joshi,ganesh.joshi@example.com,,Support-Karnataka,1969,57,6/23/2023,75764.98,Excellent,No,Active
EMP3433,Nisha,Verma,nisha.verma@example.com,+919060717481,Legal-Rajasthan,1996,30,12/10/2018,28880.04,Poor,0,On Leave
EMP3434,Anjali,Reddy,anjali.reddy@example.com,649187274,Admin-Punjab,1993,33,2/12/2015,110477.97,Excellent,FALSE,Pending
EMP3435,Kavya,Reddy,kavya.reddy@example.com,7990775608,Operations-Maharashtra,1967,59,9/15/2024,110379.14,Poor,No,Inactive
EMP3436,Lakshmi,Chatterjee,lakshmi.chatterjee@example.com,8712961803,HR-Karnataka,1987,39,9/23/2017,138327.03,Good,TRUE,On Leave
EMP3437,Deepa,Nair,,6228217819,Support-Telangana,1965,61,8/1/2018,140091.46,Good,FALSE,Pending
EMP3438,Ganesh,Patel,ganesh.patel@example.com,0184716906,Operations-Tamil Nadu,,36,6/9/2025,71710.28,Good,0,Inactive
EMP3439,Rajesh,Nair,rajesh.nair@example.com,8444983553,Marketing-Telangana,2003,23,8/21/2025,83738.99,Good,1,Active
EMP3440,Lakshmi,Verma,lakshmi.verma@example.com,7395275367,IT-Rajasthan,1973,53,2/17/2017,110887.92,Average,TRUE,On Leave
EMP3441,Uma,Subramaniam,uma.subramaniam@example.com,9917665122,Operations-Punjab,1965,61,11/9/2017,140975.71,Average,N,Pending
EMP3442,Kiran,Sharma,kiran.sharma@example.com,7208953263,HR-West Bengal,,,12/15/2025,103045.0,Good,Y,On Leave
EMP3443,Arun,Menon,arun.menon@example.com,6167726960,HR-Delhi,1979,47,1/1/2025,46692.89,Good,0,Inactive
EMP3444,Ravi,Rao,ravi.rao@example.com,7436970931,DevOps-Punjab,1993,33,11/21/2022,34669.62,Good,N,On Leave
EMP3445,Hema,Kumar,hema.kumar@example.com,6219804184,Operations-Karnataka,1987,39,11/30/2017,84816.34,Good,N,Inactive
EMP3446,Deepa,Nair,deepa.nair@example.com,6391114281,Support-Karnataka,1970,56,10/13/2023,123032.87,Good,1,Inactive
EMP3447,Pooja,Raman,,9372132901,Finance-Telangana,1966,60,6/2/2019,41868.64,Good,Y,On Leave
EMP3448,Rahul,Kumar,rahul.kumar@example.com,6954196664,Operations-Punjab,1998,28,1/21/2023,129703.47,Poor,TRUE,Inactive
EMP3449,Suresh,Mehta,suresh.mehta@example.com,6321450576,Legal-Maharashtra,1984,42,2/5/2025,53383.94,Poor,FALSE,Pending
EMP3450,Shalini,Patel,shalini.patel@example.com,8975954508,DevOps-Karnataka,1977,49,2/15/2015,149012.45,Average,Y,Pending
EMP3451,Prakash,Joshi,prakash.joshi@example.com,9300402369,Legal-Punjab,1974,52,5/29/2022,114283.9,Good,Yes,On Leave
EMP3452,Hema,Nair,hema.nair@example.com,9498855829,Finance-Tamil Nadu,1995,31,4/6/2025,147649.66,Excellent,N,On Leave
EMP3453,Ravi,Nathan,ravi.nathan@example.com,9669541329,Support-Telangana,1990,150,11/21/2017,38312.1,Good,FALSE,On Leave
EMP3454,Uma,Iyer,uma.iyer@example.com,8295961111,Operations-Gujarat,1986,40,8/23/2017,85815.0,Poor,FALSE,Inactive
EMP3455,Arun,Nair,arun.nair@example.com,6091090326,,,50,6/17/2024,70845.87,Average,FALSE,On Leave
EMP3456,Sneha,Reddy,sneha.reddy@example.com,8844663453,Finance-Karnataka,1981,45,10/9/2020,37015.02,Excellent,TRUE,Pending
EMP3457,Rahul,Nair,rahul.nair@example.com,7635100462,Finance-Maharashtra,1983,43,6/30/2021,54906.76,Average,0,On Leave
EMP3458,Manoj,Das,manoj.das@example.com,9432600559,Operations-Kerala,2001,25,9/30/2024,122900.84,Poor,No,Inactive
EMP3459,Arun,Reddy,arun.reddy@example.com,6450691767,Support-Telangana,1998,28,11/12/2021,49582.63,Excellent,Y,Pending
EMP3460,Nisha,Subramaniam,nisha.subramaniam@example.com,9084907938,Sales-Delhi,2002,24,12/13/2020,53652.61,Good,Yes,On Leave
EMP3461,Deepa,Reddy,deepa.reddy@example.com,7251448811,IT-Tamil Nadu,1970,56,5/19/2020,27586.36,Average,Y,Pending
EMP3462,  Shalini,Reddy,shalini.reddy@example.com,7840911225,Admin-Maharashtra,1993,33,5/13/2024,122442.19,Average,No,Pending
EMP3463,Naveen,Chatterjee,naveen.chatterjee@example.com,9553007309,Operations-West Bengal,1997,29,11/17/2016,48767.96,Excellent,0,Pending
EMP3464,Swathi,Raman,swathi.raman@example.com,8010424624,HR-Maharashtra,2003,23,8/25/2021,41971.29,Average,Y,Pending
EMP3465,Kavya,Iyer,kavya.iyer@example.com,6304488189,Sales-Telangana,1970,56,10/5/2021,99943.24,Average,No,Inactive
EMP3466,Pooja,Verma,pooja.verma@example.com,8298315229,Admin-West Bengal,1986,40,10/9/2015,36789.37,,N,Active
EMP3467,Divya,Kumar,divya.kumar@example.com,8269694439,Support-Delhi,1965,61,6/20/2021,124332.63,Good,1,On Leave
EMP3468,Divya,  Patel,divya.patel@example.com,6903106153,Admin-Maharashtra,2002,24,6/26/2016,113883.52,Excellent,FALSE,On Leave
EMP3469,Rahul,Reddy,rahul.reddy@example.com,7007843614,DevOps-Delhi,1974,52,10/3/2024,108232.12,Poor,N,
EMP3470,  Ravi  ,Menon,ravi.menon@example.com,,IT-Gujarat,1982,44,1/9/2018,45057.29,Excellent,0,Inactive
EMP3471,Vikram,Reddy,vikram.reddy@example.com,8644936999,Support-Rajasthan,1998,28,12/17/2025,91040.97,Poor,,Active
EMP3472,Vijay,Mehta,vijay.mehta@example.com,6872333510,IT-Punjab,1979,47,9/26/2022,34533.53,Poor,0,Active
EMP3473,Uma,Subramaniam,uma.subramaniam@example.com,9365118939,HR-Kerala,2004,22,11/15/2023,99790.43,Good,TRUE,Active
EMP3474,Kavya,Raman,kavya.raman@example.com,6135462127,Legal-Tamil Nadu,1977,49,4/9/2023,30650.52,Good,1,Inactive
EMP3475,Meena,Raman,meena.raman@example.com,7974549303,Finance-Delhi,1991,35,2/11/2024,45773.65,Average,FALSE,Pending
EMP3476,Vijay,Chatterjee,vijay.chatterjee@example.com,6898138815,Sales-Delhi,1999,27,5/17/2020,74325.88,Good,TRUE,Inactive
EMP3477,Karthik,Gupta,karthik.gupta@example.com,+916000001529,IT-Maharashtra,1979,47,8/28/2016,103105.01,Excellent,FALSE,On Leave
EMP3478,Rajesh,Rao,rajesh.rao@example.com,8781224890,Sales-Rajasthan,1974,52,7/16/2022,39394.69,Average,TRUE,Pending
EMP3479,Sneha,Sharma,sneha.sharma@example.com,65429608073,IT-West Bengal,1986,40,1/31/2018,91254.4,Good,TRUE,On Leave
EMP3480,Anitha,Patel,anitha.patel@example.com,7877383638,Legal-Punjab,,,5/29/2025,40301.31,Excellent,No,On Leave
EMP3481,Vijay,Gupta,vijay.gupta@example.com,9462554026,Finance-Punjab,1984,42,9/21/2017,134930.76,Poor,Y,Active
EMP3482,Anjali,Raman,anjali.raman@example.com,8527905040,Sales-Karnataka,1984,42,4/5/2018,89122.52,Excellent,N,Inactive
EMP3483,Deepa,Pillai,deepa.pillai@example.com,791373265,Support-Telangana,1972,54,8/2/2016,125743.5,Poor,No,Inactive
EMP3484,Shalini,Sharma,shalini.sharma@example.com,9182980365,Marketing-West Bengal,1997,29,1/29/2023,133001.98,5,Yes,On Leave
EMP3485,Rajesh,Mehta,rajesh.mehta@example.com,7368750926,Operations-Tamil Nadu,1978,48,11/17/2018,41740.79,Excellent,N,On Leave
EMP3486,Naveen,Menon,naveen.menon@example.com,7766608112,Marketing-Kerala,1970,56,5/14/2023,132159.66,Poor,N,On Leave
EMP3487,Shalini,Kumar,shalini.kumar@example.com,8068826917,Marketing-West Bengal,2003,23,4/22/2015,73285.52,Good,TRUE,On Leave
EMP3488,Sneha,Patel,sneha.patel@example.com,7591015709,Admin-Telangana,1967,59,3/21/2021,25619.88,Good,TRUE,Inactive
EMP3489,Arjun,Raman,arjun.raman@example.com,7859693259,Sales-Gujarat,2002,24,9/14/2021,113270.2,Poor,0,On Leave
EMP3490,Arun,Bose,arun.bose@example.com,9607234838,IT-Karnataka,1979,47,11/13/2025,78734.32,Excellent,1,Active
EMP3491,Suresh,Nathan,suresh.nathan@example.com,7641869656,Support-Tamil Nadu,1983,43,10/7/2025,75934.02,Poor,TRUE,On Leave
EMP3492,Uma,,uma@example.com,8840027300,Operations-Karnataka,1974,52,7/8/2018,96438.38,Average,0,Inactive
EMP3493,Arjun,Patel,arjun.patel@example.com,8076283976,Operations-Punjab,1970,56,10/3/2018,127945.07,Excellent,Y,Active
EMP3494,Priya,Raman,priya.raman@example.com,9029914068,Admin-West Bengal,1993,33,7/23/2023,132877.04,Average,1,Pending
EMP3495,Ravi,Iyer,ravi.iyer@example.com,7061363852,Marketing-Kerala,1975,51,7/2/2019,38589.16,Excellent,TRUE,Active
EMP3496,Pooja,Subramaniam,pooja.subramaniam@example.com,7734167812,Support-Telangana,2002,0,8/16/2018,30973.2,Excellent,N,Active
EMP3497,,Mehta,anjali.mehta@example.com,7638318285,HR-Gujarat,2002,24,1/17/2022,49173.17,Good,0,Pending
EMP3498,Suresh,Pillai,suresh.pillai@example.com,,Support-West Bengal,1972,54,7/8/2019,132613.0,Good,No,Inactive
EMP3499,Suresh,Chatterjee,suresh.chatterjee@example.com,6220509386,HR-Punjab,1976,50,9/2/2018,95983.38,Excellent,N,On Leave
EMP3500,Nisha,Gupta,nisha.gupta@example.com,9767382097,Legal-Punjab,1969,57,1/25/2020,103258.23,Excellent,N,Inactive
EMP3501,Kiran,Iyer,kiran.iyer@example.com,8806235040,Support-Gujarat,1974,52,11/23/2019,88225.69,Good,1,Active
EMP3502,Shalini,Raman,shalini.raman@example.com,8232894633,Sales-Tamil Nadu,1975,51,9/24/2023,118309.1,Good,0,On Leave
EMP3503,Prakash,Subramaniam,prakash.subramaniam@example.com,6381865507,Marketing-Maharashtra,1986,40,12/29/2016,139244.23,Good,TRUE,On Leave
EMP3504,Vijay,Chatterjee,vijay.chatterjee@example.com,7401536415,,1984,42,7/29/2022,136733.39,Excellent,FALSE,On Leave
EMP3505,Divya,Krishnan,divya.krishnan@example.com,6527698198,IT-West Bengal,1998,28,1/7/2020,131444.92,Average,No,Active
EMP3506,Priya,Nathan,priya.nathan@example.com,9442275854,Support-Punjab,1987,39,6/27/2025,66361.65,Poor,1,Pending
EMP3507,Suresh,Subramaniam,suresh.subramaniam@example.com,0193132155,Admin-Maharashtra,1984,42,11/7/2025,35372.23,Excellent,Yes,On Leave
EMP3508,Suresh,Krishnan,suresh.krishnan@example.com,9202582543,HR-Telangana,1998,28,7/30/2021,102495.28,Good,1,On Leave
EMP3509,Karthik,Bose,karthik.bose@example.com,9472387508,Finance-Delhi,1973,53,6/7/2024,105643.49,Excellent,,Inactive
EMP3510,Sneha,Das,sneha.das@example.com,6608271721,DevOps-Gujarat,1988,38,7/9/2016,72363.7,Average,1,Inactive
EMP3511,Sanjay,Rao,sanjay.rao@example.com,7325539835,Finance-Tamil Nadu,1976,50,3/14/2025,101851.15,Excellent,No,Inactive
EMP3512,Deepa,Gupta,deepa.gupta@example.com,6292712053,IT-Maharashtra,1983,43,11/12/2028,57629.74,Poor,FALSE,Pending
EMP3513,Nisha,Joshi,nisha.joshi@example.com,6048797888,Marketing-Maharashtra,2000,26,6/19/2016,43654.95,Excellent,Yes,Inactive
EMP3514,Manoj,Raman,manoj.raman@example.com,6995171523,Marketing-Maharashtra,1999,27,5/24/2024,140318.43,Excellent,Y,Pending
EMP3515,Vikram,Iyer,vikram.iyer@example.com,6912602213,Legal-Kerala,1970,56,5/1/2022,133482.12,Good,0,Pending
EMP3516,Shalini,Joshi,shalini.joshi@example.com,,HR-Karnataka,1990,36,6/21/2015,40119.6,Average,0,Inactive
EMP3517,Meena,Joshi,meena.joshi@example.com,9209355610,Admin-Maharashtra,,43,6/6/2019,103168.55,Excellent,FALSE,On Leave
EMP3518,Sanjay,Subramaniam,sanjay.subramaniam@example.com,7027061592,HR-Delhi,1972,54,6/27/2025,69877.01,Average,No,Active
EMP3519,Pooja,Mehta,pooja.mehta@example.com,7403010956,HR-West Bengal,,24,6/2/2016,132501.36,Excellent,TRUE,Active
EMP3520,Vikram,Joshi,vikram.joshi@example.com,6306831764,Marketing-Kerala,1976,50,6/9/2024,38303.13,Poor,Yes,Active
EMP3521,Karthik,Mehta,karthik.mehta@example.com,8104584743,Marketing-Gujarat,,24,12/4/2025,67839.87,Excellent,Yes,Inactive
EMP3522,Meena,Reddy,meena.reddy@example.com,9621591832,Support-Kerala,1992,34,4/17/2017,,Good,0,Pending
EMP3523,Sneha,Kumar,sneha.kumar@example.com,8905315204,Marketing-Rajasthan,1969,57,8/7/2021,85706.71,Excellent,TRUE,Active
EMP3524,Arjun,Sharma,arjun.sharma@example.com,6237407794,Operations-Rajasthan,1996,30,3/24/2017,82905.97,Poor,Y,Pending
EMP3525,Naveen,Menon,naveen.menon@example.com,6878211602,Legal-Rajasthan,2001,25,1/2/2020,125876.68,Average,TRUE,Pending
EMP3526,Swathi,Kumar,swathi.kumar@example.com,6186448221,Support-Karnataka,2004,22,12/3/2024,149131.41,Excellent,Yes,On Leave
EMP3527,Prakash,Raman,prakash.raman@example.com,8961128794,Marketing-Gujarat,1999,27,11/28/2017,92511.87,Excellent,FALSE,Active
EMP3528,Nisha,Patel,nisha.patel@example.com,7565179624,DevOps-Tamil Nadu,2002,24,11/25/2017,138090.19,Excellent,TRUE,On Leave
EMP3529,Prakash,Nathan,prakash.nathan@example.com,9488208934,IT-Telangana,,34,7/3/2018,43961.17,Average,Y,Inactive
EMP3530,Pooja,Bose,pooja.bose@example.com,7613376052,Finance-Punjab,2001,25,5/5/2024,32926.25,Excellent,FALSE,Inactive
EMP3531,Priya,Gupta,priya.gupta@example.com,9177182498,Finance-Kerala,1982,44,12/9/2017,40571.17,Excellent,N,Pending
EMP3532,Pooja,Sharma,pooja.sharma@example.com,9987486941,Support-Maharashtra,1970,56,7/4/2024,149409.55,Good,N,Inactive
EMP3533,Vikram,Gupta,vikram.gupta@example.com,7653621894,Legal-Maharashtra,1995,31,6/1/2025,72686.24,Excellent,Yes,Pending
EMP3534,  Nisha,Sharma,nisha.sharma@example.com,7045657758,Finance-Telangana,2002,24,4/28/2025,72041.94,Poor,Y,On Leave
EMP3535,Vikram,Joshi,vikram.joshi@example.com,8995300622,Legal-Tamil Nadu,1980,46,12/17/2023,75554.57,Good,N,Pending
EMP3536,Rahul,Verma,rahul.verma@example.com,6080179867,DevOps-Telangana,1985,41,2/29/2016,34883.13,Excellent,Y,Pending
EMP3537,Pooja,Nair,pooja.nair@example.com,8365968078,Sales-Telangana,1991,35,2/28/2022,126498.62,Good,TRUE,Pending
EMP3538,Naveen,Menon,naveen.menon@example.com,7112327489,Support-Delhi,1981,45,8/27/2025,58544.34,Average,1,Inactive
EMP3539,Anjali,Mehta,anjali.mehta@example.com,6196304530,Operations-Delhi,1983,43,11/12/2016,86160.65,Poor,0,Active
EMP3540,Hema,Pillai,hema.pillai@example.com,7444544608,Marketing-Delhi,,61,11/7/2022,123479.91,Poor,Yes,On Leave
EMP3541,Pooja,Raman,pooja.raman@example.com,6457927147,HR-Tamil Nadu,1985,41,8/25/2016,92078.86,Average,0,Inactive
EMP3542,Ravi,Das,ravi.das@example.com,6629328809,Operations-Telangana,1973,53,4/11/2022,53298.02,Good,No,Pending
EMP3543,Sanjay,Menon,sanjay.menon@example.com,8614038453,Sales-Tamil Nadu,1998,28,4/14/2016,N/A,Poor,No,Inactive
EMP3544,Karthik,Subramaniam,karthik.subramaniam@example.com,,Support-Maharashtra,1984,42,7/19/2018,129007.19,Good,0,Pending
EMP3545,Rajesh,Sharma,rajesh.sharma@example.com,9089058366,Sales-West Bengal,1984,42,11/23/2022,130090.43,Average,Y,On Leave
EMP3546,Deepa,Chatterjee,deepa.chatterjee@example.com,7571976093,Legal-Gujarat,1998,28,3/25/2021,90004.88,Poor,No,Pending
EMP3547,Karthik,Nair,karthik.nair@example.com,6777412746,Support-Rajasthan,1976,50,11/19/2015,,Average,0,On Leave
EMP3548,Hema,Iyer,hema.iyer@example.com,8218545705,Legal-Rajasthan,1973,53,7/31/2016,100394.82,Excellent,Y,On Leave
EMP3549,Arjun,,arjun@example.com,87282895407,Finance-Kerala,1965,61,4/12/2027,32921.17,Average,1,Inactive
EMP3550,Arjun,Bose,arjun.bose@example.com,61526105379,Operations-Karnataka,1999,27,3/9/2019,25780.87,Excellent,Yes,Pending
EMP3551,Rahul,Rao,rahul.rao@example.com,9529447161,Sales-Gujarat,1970,56,7/3/2018,95221.8,Good,0,Inactive
EMP3552,Hema,Bose,hema.bose@example.com,8268064860,IT-Karnataka,1986,150,6/12/2022,101346.73,Poor,N,Inactive
EMP3553,Manoj,Rao,manoj.rao@example.com,+919740657955,Support-Punjab,1984,42,7/22/2017,72828.14,Average,Yes,Active
EMP3554,Vijay,Menon,vijay.menon@example.com,6902547602,Marketing-Kerala,1996,30,4/23/2015,108260.3,Excellent,0,Pending
EMP3555,Arun,Das,arun.das@example.com,8325947950,HR-Maharashtra,1970,56,2/7/2025,64218.38,Excellent,Yes,Active
EMP3556,Priya,Mehta,priya.mehta@example.com,79104520369,Sales-Kerala,2002,24,3/30/2025,53824.95,Excellent,FALSE,Active
EMP3557,Rajesh,Verma,rajesh.verma@example.com,0490069680,Marketing-Rajasthan,1976,50,7/10/2023,118755.35,Average,Yes,Pending
EMP3558,Rajesh,Joshi,rajesh.joshi@example.com,8503250173,Admin-Maharashtra,1978,48,3/29/2018,63344.6,Good,1,Inactive
EMP3559,Suresh,Gupta,suresh.gupta@example.com,,Legal-Tamil Nadu,2001,25,11/7/2023,52665.29,Excellent,No,Pending
EMP3560,Prakash,Reddy,prakash.reddy@example.com,6336202755,Admin-Kerala,1994,32,4/23/2021,94560.44,Good,1,Pending
EMP3561,Karthik,Gupta,,9059161186,DevOps-Karnataka,1987,39,6/7/2023,93841.35,Good,TRUE,Active
EMP3562,Lakshmi,Krishnan,lakshmi.krishnan@example.com,7897284540,DevOps-Maharashtra,1971,55,12/13/2022,31292.99,Good,TRUE,Pending
EMP3563,Arjun,Nair,arjun.nair@example.com,7020203042,Legal-Telangana,1979,47,8/31/2015,56495.25,Average,No,On Leave
EMP3564,Rahul,Nair,rahul.nair@example.com,8937775691,IT-Kerala,1967,59,8/23/2020,36692.13,Average,,Active
EMP3565,Anitha,Nair,anitha.nair@example.com,9229131670,HR-Gujarat,2003,0,9/19/2025,91360.74,Average,Y,Pending
EMP3566,Lakshmi,Das,lakshmi.das@example.com,,DevOps-Tamil Nadu,1990,36,9/28/2020,125522.73,Average,N,Pending
EMP3567,Ganesh,Nathan,ganesh.nathan@example.com,6962341996,HR-Karnataka,1974,52,6/18/2022,42180.68,Average,Yes,Pending
EMP3568,Sanjay,Chatterjee,sanjay.chatterjee@example.com,9054576947,DevOps-Maharashtra,1968,58,10/2/2017,57592.76,Good,Y,Pending
EMP3569,Manoj,Das,manoj.das@example.com,6254508095,Marketing-Delhi,1980,46,8/12/2024,58856.81,Poor,FALSE,Inactive
EMP3570,Uma,Nathan,uma.nathan@example.com,8261404893,Legal-Maharashtra,1988,38,6/20/2024,80835.54,Excellent,TRUE,Active
EMP3571,Prakash,Menon,prakash.menon@example.com,6158718452,Sales-Gujarat,1979,47,3/3/2016,145131.32,Excellent,Y,Inactive
EMP3572,Naveen,Gupta,naveen.gupta@example.com,9729665633,Admin-Gujarat,1996,30,10/2/2024,106013.09,Poor,FALSE,Pending
EMP3573,Divya,Gupta,divya.gupta@example.com,8257316094,Finance-Gujarat,,57,8/26/2018,106134.64,Excellent,FALSE,Active
EMP3574,Vikram,Reddy,vikram.reddy@example.com,7525953322,DevOps-Maharashtra,1977,49,11/17/2018,68883.05,Good,FALSE,Pending
EMP3575,Rajesh,Joshi,rajesh.joshi@example.com,6826971823,Admin-Kerala,1979,47,7/17/2017,77903.36,Excellent,Yes,Pending
EMP3576,Divya,Kumar,divya.kumar@example.com,7574223322,Support-Delhi,2000,26,1/19/2017,113260.87,Poor,N,Pending
EMP3577,Uma,Bose,uma.bose@example.com,7118046741,Support-Rajasthan,1976,50,7/17/2019,32144.99,Average,1,Pending
EMP3578,Arun,Mehta,arun.mehta@example.com,6547055491,Support-Kerala,1969,57,7/2/2019,107637.31,Poor,1,Pending
EMP3579,Uma,Iyer,uma.iyer@example.com,70426-20197,Marketing-Kerala,1966,60,6/18/2021,115112.07,Average,TRUE,Active
EMP3580,Anjali,Iyer,anjali.iyer@example.com,7760759889,Legal-West Bengal,2001,25,5/8/2021,144361.38,Poor,Yes,Inactive
EMP3581,Pooja,Patel,pooja.patel@example.com,8057644974,Admin-Delhi,1970,56,6/18/2018,48547.01,Average,Yes,Active
EMP3582,Rajesh,,rajesh@example.com,9045006355,Support-Gujarat,1984,42,7/26/2020,75114.21,Average,FALSE,On Leave
EMP3583,Sneha,Rao,sneha.rao@example.com,7827636431,DevOps-Gujarat,2001,25,10/21/2022,72519.62,Average,FALSE,Active
EMP3584,Nisha,Verma,nisha.verma@example.com,6699939344,Operations-Kerala,1991,35,11/26/2025,66300.95,Average,N,On Leave
EMP3585,,Pillai,deepa.pillai@example.com,7021707548,Finance-Delhi,1986,40,2/9/2023,84628.51,Average,Yes,Pending
EMP3586,Deepa,Patel,deepa.patel@example.com,7756589635,IT-Tamil Nadu,1982,44,4/12/2019,141112.55,Excellent,N,Active
EMP3587,Ganesh,Mehta,ganesh.mehta@example.com,8236220334,Legal-Delhi,1981,45,2/13/2017,57421.86,Excellent,Y,Inactive
EMP3588,Meena,Gupta,meena.gupta@example.com,7177417430,Legal-West Bengal,1990,36,4/25/2015,29083.69,Average,N,Active
EMP3589,Naveen,Krishnan,naveen.krishnan@example.com,6202569133,Finance-Maharashtra,2004,22,10/17/2018,47646.75,Good,TRUE,Inactive
EMP3590,Anitha,Kumar,anitha.kumar@example.com,7012398472,Operations-Gujarat,1965,61,9/14/2023,84798.52,Average,TRUE,On Leave
EMP3591,Sanjay,Gupta,sanjay.gupta@example.com,9177546199,HR-Rajasthan,1966,60,9/27/2025,45425.82,Average,1,On Leave
EMP3592,Meena,Gupta,meena.gupta@example.com,+917733791212,Finance-Gujarat,1986,40,1/6/2017,44443.98,Average,Y,Inactive
EMP3593,Priya,Reddy,priya.reddy@example.com,8171222764,Support-West Bengal,2004,-5,7/22/2015,132869.23,Good,N,Inactive
EMP3594,Pooja,Joshi,pooja.joshi@example.com,8704887899,Finance-West Bengal,1981,45,7/13/2024,144764.25,Excellent,FALSE,On Leave
EMP3595,Arun,Gupta  ,arun.gupta@example.com,,Support-Kerala,1985,41,7/28/2020,57172.33,Poor,N,On Leave
EMP3596,Karthik,Das,karthik.das@example.com,+919262942066,Legal-Maharashtra,1983,43,9/11/2024,144381.28,Good,0,Inactive
EMP3597,Swathi,Gupta,swathi.gupta@example.com,6582686876,HR-Delhi,1967,0,10/5/2016,33029.04,Good,Yes,On Leave
EMP3598,Arun,Reddy,arun.reddy@example.com,9464196234,Admin-Telangana,1965,N/A,5/29/2025,87809.52,Poor,Y,Pending
EMP3599,Divya,Nathan,divya.nathan@example.com,7699994981,Sales-Telangana,1967,59,12/18/2020,52119.77,Poor,No,Pending
EMP3600,Arjun,Rao,arjun.rao@example.com,7438380582,Sales-Maharashtra,1968,,5/22/2023,45161.71,Good,,On Leave
EMP3601,Naveen,Nathan,naveen.nathan@example.com,7761851862,Support-West Bengal,1994,32,8/14/2024,53392.3,Good,0,Inactive
EMP3602,,Pillai,divya.pillai@example.com,6677610659,IT-Maharashtra,1975,51,10/29/2021,44044.32,Good,Yes,On Leave
EMP3603,Ganesh,Chatterjee,ganesh.chatterjee@example.com,7665686295,Finance-Gujarat,1991,35,10/16/2022,38833.62,Good,0,Active
EMP3604,Divya,Nair,divya.nair@example.com,7966941799,Finance-Kerala,2003,23,2/19/2022,26129.06,Good,0,Pending
EMP3605,Arun,,arun@example.com,7478536988,DevOps-Telangana,1996,30,12/5/2021,131326.03,Good,N,Pending
EMP3606,Vijay,Verma,vijay.verma@example.com,8845813088,Finance-Punjab,1965,61,5/16/2024,135953.72,Poor,Yes,Actve
EMP3607,Sanjay,Sharma,sanjay.sharma@example.com,9619953056,DevOps-Telangana,1971,55,9/15/2024,54570.3,Average,FALSE,On Leave
EMP3608,Pooja,Gupta,pooja.gupta@example.com,9510344442,Admin-West Bengal,1968,58,2/1/2023,139033.27,Good,Yes,Inactive
EMP3609,Priya,Das,priya.das@example.com,7190533470,Marketing-Maharashtra,1967,59,5/31/2016,39603.64,Poor,0,Inactive
EMP3610,Deepa,Mehta,deepa.mehta@example.com,6036221173,IT-Rajasthan,1975,51,8/7/2017,91797.19,Excellent,N,Inactive
EMP3611,Ganesh,Nair,ganesh.nair@example.com,8759171050,Support-Delhi,2000,26,3/19/2021,65590.5,Good,N,Active
EMP3612,Ganesh,Sharma,ganesh.sharma@example.com,9344930537,IT-Kerala,1987,39,10/19/2024,91115.55,Excellent,No,On Leave
EMP3613,Arun,Pillai,arun.pillai@example.com,9304862515,IT-Delhi,1998,28,10/16/2019,142042.39,Good,N,Pending
EMP3614,Manoj,Verma,manoj.verma@example.com,6433629994,Support-Tamil Nadu,2001,25,9/9/2022,84795.77,Poor,1,Pending
EMP3615,Ganesh,Patel,ganesh.patel@example.com,8246488499,Sales-Tamil Nadu,1999,27,7/22/2017,97179.93,Average,1,On Leave
EMP3616,Vikram,Raman,vikram.raman@example.com,7971705984,Marketing-Rajasthan,1998,28,3/31/2016,130323.38,Poor,No,On Leave
EMP3617,Ravi,Krishnan,ravi.krishnan@example.com,6459009921,Finance-Punjab,1998,28,6/10/2017,104774.42,Poor,No,Pending
EMP3618,Vikram,Sharma,vikram.sharma@example.com,6939103829,IT-Kerala,1985,41,3/26/2015,119318.02,Average,Yes,Active
EMP3619,Deepa,Nair,deepa.nair@example.com,9366271358,Sales-Punjab,1999,27,1/16/2023,40377.12,Good,TRUE,On Leave
EMP3620,Vijay,Subramaniam,,8116436902,Marketing-Punjab,1992,34,4/10/2018,81295.35,Poor,0,On Leave
EMP3621,Uma,Pillai,uma.pillai@example.com,7584640510,,1980,46,3/28/2019,125904.74,Poor,1,On Leave
EMP3622,Pooja,,pooja@example.com,6969067649,IT-Tamil Nadu,1996,30,6/21/2025,132151.88,Average,FALSE,Inactive
EMP3623,Rajesh,Kumar,rajesh.kumar@example.com,6688116403,Support-Gujarat,1985,41,8/5/2024,113363.98,Poor,1,Inactive
EMP3624,Sanjay,Subramaniam,sanjay.subramaniam@example.com,8386028262,DevOps-Kerala,1979,47,3/9/2018,120122.62,Excellent,,INACTIVE
EMP3625,Hema,Menon,hema.menon@example.com,7453810979,IT-Karnataka,1987,39,1/4/2018,119745.24,Poor,N,Inactive
EMP3626,Ganesh,Nair,ganesh.nair@example.com,7261189003,Support-Gujarat,1989,37,6/10/2021,75859.23,Poor,FALSE,On Leave
EMP3627,Arjun,,arjun.patel@example.com,6577950017,DevOps-Maharashtra,1974,52,10/5/2018,122429.1,Poor,N,Active
EMP3628,Suresh,Subramaniam,suresh.subramaniam@example.com,8461719281,Sales-Gujarat,1970,56,4/9/2019,95796.45,Excellent,FALSE,On Leave
EMP3629,Arun,Joshi,arun.joshi@example.com,9726903265,Admin-Telangana,1973,53,4/7/2022,74663.93,Average,No,On Leave
EMP3630,Anitha,Nair,anitha.nair@example.com,9498647868,Sales-Maharashtra,1987,39,1/21/2021,68844.45,Excellent,No,Pending
EMP3631,Rahul,Rao,rahul.rao@example.com,6069836923,DevOps-Telangana,1979,47,12/13/2025,36071.34,Poor,TRUE,On Leave
EMP3632,Anitha,Gupta,anitha.gupta@example.com,8033000088,Finance-Karnataka,1998,28,2/6/2017,43504.28,Good,TRUE,On Leave
EMP3633,Hema,Verma,hema.verma@example.com,,Sales-Punjab,2001,25,5/2/2016,,Excellent,TRUE,Inactive
EMP3634,Hema,Krishnan,hema.krishnan@example.com,9118151985,Support-West Bengal,1981,45,4/5/2015,140169.92,Average,No,Inactive
EMP3635,Suresh,Bose,suresh.bose@example.com,9201082402,Admin-Tamil Nadu,1978,48,8/19/2019,76389.48,Average,Y,Pending
EMP3636,Pooja,Iyer,pooja.iyer@example.com,9423570041,Admin-Tamil Nadu,1990,36,8/13/2020,135905.32,Good,Y,Inactive
EMP3637,Divya,Chatterjee,divya.chatterjee@example.com,7838271012,HR-Maharashtra,1985,41,3/25/2029,39302.78,Good,1,Active
EMP3638,Prakash,Nair,prakash.nair@example.com,9634601915,Sales-Telangana,1988,,11/18/2019,118928.76,Average,Y,Inactive
EMP3639,Lakshmi,Mehta,lakshmi.mehta@example.com,9708666562,Finance-Telangana,2000,26,8/6/2019,91844.76,Excellent,0,Inactive
EMP3640,Ravi,Iyer,ravi.iyer@example.com,9422354340,DevOps-Punjab,1982,44,3/28/2020,128733.67,Good,Yes,On Leave
EMP3641,Kavya,Das,kavya.das@example.com,9388182730,Admin-Rajasthan,1987,39,10/24/2023,46508.44,Average,No,Active
EMP3642,Kavya,Pillai,kavya.pillai@example.com,6254341230,Support-Maharashtra,1998,28,9/16/2019,92105.04,Excellent,Yes,Inactive
EMP3643,,Sharma,vijay.sharma@example.com,6034713171,DevOps-Maharashtra,1997,29,4/9/2017,45394.46,Poor,No,On Leave
EMP3644,Manoj,Chatterjee,manoj.chatterjee@example.com,6375358210,Finance-Kerala,2004,22,2/4/2023,88415.84,Poor,N,Active
EMP3645,Meena,Chatterjee,meena.chatterjee@example.com,8771837530,DevOps-Rajasthan,1979,47,3/9/2016,78344.0,Poor,FALSE,Pending
EMP3646,Kavya,Chatterjee  ,kavya.chatterjee@example.com,6690696857,Support-Kerala,1994,32,3/2/2015,46214.55,Good,0,Inactive
EMP3647,Swathi,Mehta,swathi.mehta@example.com,6335084243,HR-Delhi,1988,38,7/30/2025,42754.69,Poor,0,Pending
EMP3648,Rajesh,Reddy,rajesh.reddy@example.com,9758646339,Support-Karnataka,1965,61,10/8/2019,100085.88,Average,No,Active
EMP3649,Anitha,Verma,anitha.verma@example.com,9751239597,Admin-Gujarat,1974,52,7/25/2021,123404.75,Poor,Yes,Active
EMP3650,Suresh,Raman,suresh.raman@example.com,9107308715,Legal-Gujarat,1989,,4/13/2018,79391.46,Average,TRUE,Active
EMP3651,Ravi,Mehta,ravi.mehta@example.com,8468627288,HR-Gujarat,1979,47,12/18/2024,80287.56,Average,0,Inactive
EMP3652,Priya,  Joshi  ,priya.joshi@example.com,66048869325,Finance-Gujarat,1978,48,2/24/2021,145861.89,Good,1,Pending
EMP3653,Kiran,Raman,kiran.raman@example.com,9897755426,Legal-Maharashtra,2001,25,2/23/2025,65921.49,Average,N,Active
EMP3654,Vikram,Kumar,vikram.kumar@example.com,9162042985,Operations-Maharashtra,1978,48,12/19/2016,142961.62,Excellent,0,Active
EMP3655,Ravi,Chatterjee,ravi.chatterjee@example.com,8710680177,,2002,24,5/2/2015,137311.1,Excellent,Y,Pending
EMP3656,Kiran,Kumar,kiran.kumar@example.com,7947638083,Sales-Kerala,1967,59,1/26/2017,76658.6,Average,Yes,Pending
EMP3657,Priya,Das,priya.das@example.com,8049602667,Legal-Punjab,2003,23,6/5/2016,82752.17,Good,No,Inactive
EMP3658,Suresh,Menon,suresh.menon@example.com,7080192902,DevOps-Telangana,2002,24,1/3/2015,88208.19,Excellent,Y,Active
EMP3659,Karthik,Raman,karthik.raman@example.com,8501935450,Admin-Punjab,1967,59,10/4/2016,68561.99,Excellent,No,On Leave
EMP3660,Vijay,Subramaniam,vijay.subramaniam@example.com,8129075965,IT-Delhi,1975,51,4/22/2025,45401.42,,FALSE,On Leave
EMP3661,Nisha,Nathan,nisha.nathan@example.com,7267131753,IT-Karnataka,1984,42,9/26/2015,138301.81,Average,0,Active
EMP3662,Rahul,Patel,rahul.patel@example.com,,Operations-Telangana,1974,52,10/10/2019,40058.19,Excellent,N,Inactive
EMP3663,Divya,Gupta,divya.gupta@example.com,8581920487,Sales-Punjab,1996,30,7/26/2016,57616.04,Average,No,Inactive
EMP3664,Kavya,Mehta,kavya.mehta@example.com,7825672620,Finance-Rajasthan,2000,26,10/14/2024,102188.9,Average,N,On Leave
EMP3665,Ravi,Das,ravi.das@example.com,9286394201,Marketing-Kerala,2002,24,12/8/2016,47945.86,Good,1,On Leave
EMP3666,Meena,Menon,meena.menon@example.com,0121740039,Sales-Rajasthan,1991,35,12/22/2019,29969.68,,No,On Leave
EMP3667,Vikram,Pillai,vikram.pillai@example.com,6607626438,DevOps-Karnataka,2002,24,10/17/2022,30847.11,Good,Y,Pending
EMP3668,Lakshmi,,lakshmi@example.com,9423165441,DevOps-Maharashtra,1992,34,5/23/2022,43326.64,Good,N,Active
EMP3669,Sanjay,Joshi,sanjay.joshi@example.com,61799932,Operations-Tamil Nadu,1978,48,1/7/2017,102959.46,Poor,N,Pending
EMP3670,Deepa,Chatterjee,deepa.chatterjee@example.com,7689047238,IT-Telangana,1986,40,5/12/2019,96574.94,Excellent,Y,Pending
EMP3671,  Rajesh,Gupta,rajesh.gupta@example.com,6476143788,Marketing-Gujarat,1982,44,2/14/2018,54306.98,Excellent,No,Pending
EMP3672,Sanjay,Joshi,sanjay.joshi@example.com,6277291084,Marketing-West Bengal,1991,35,10/31/2024,73462.43,Excellent,Yes,Active
EMP3673,Rajesh,Joshi,rajesh.joshi@example.com,9182226679,Operations-West Bengal,1967,59,12/29/2017,139355.86,Excellent,TRUE,Pending
EMP3674,Kiran,Iyer,kiran.iyer@example.com,8504922170,IT-Punjab,2003,23,4/12/2020,118928.73,Good,0,Active
EMP3675,Shalini,Chatterjee,shalini.chatterjee@example.com,77182-65337,DevOps-Tamil Nadu,1978,48,10/13/2015,75277.39,Excellent,TRUE,Active
EMP3676,Anjali,Kumar,anjali.kumar@example.com,9706921958,Admin-Maharashtra,2002,24,8/18/2017,146559.52,Average,Yes,On Leave
EMP3677,Arun,Raman,arun.raman@example.com,9643158901,Support-Telangana,1980,46,10/12/2023,133945.66,Poor,0,Active
EMP3678,Shalini,Gupta,shalini.gupta@example.com,6726282968,Support-Karnataka,1977,49,4/13/2016,84494.25,Poor,No,Active
EMP3679,Shalini,Verma,shalini.verma@example.com,9127662080,Sales-Gujarat,1997,29,9/1/2025,95618.36,Average,Yes,Active
EMP3680,Naveen,Kumar,naveen.kumar@example.com,,Operations-Delhi,1981,45,1/3/2024,99357.76,Average,1,Active
EMP3681,Karthik,Nair,karthik.nair@example.com,7648187540,Legal-Gujarat,1968,58,7/15/2023,81107.41,Good,Y,On Leave
EMP3682,Shalini,Das,shalini.das@example.com,8912594972,Marketing-Rajasthan,1996,30,7/13/2025,114037.52,Good,1,Pending
EMP3683,Priya,Gupta,priya.gupta@example.com,7587688777,Finance-Tamil Nadu,1990,36,6/12/2025,96149.49,Average,TRUE,Inactive
EMP3684,Lakshmi,,lakshmi@example.com,6001440762,Admin-Punjab,1998,28,1/14/2025,101001.09,Good,FALSE,Pending
EMP3685,Anjali,Iyer,anjali.iyer@example.com,8224059208,Admin-Rajasthan,1984,42,2/7/2024,96863.97,Poor,1,Pending
EMP3686,Suresh,Pillai,suresh.pillai@example.com,6753079661,HR-Rajasthan,2000,26,4/7/2025,142211.58,Excellent,0,Active
EMP3687,Kavya,Subramaniam,kavya.subramaniam@example.com,9773217503,Admin-Tamil Nadu,1984,42,10/31/2016,64748.46,Poor,0,Active
EMP3688,Kiran,Subramaniam,kiran.subramaniam@example.com,8760786235,Legal-Rajasthan,2002,24,5/10/2017,82452.73,Average,0,Active
EMP3689,Uma,Kumar,uma.kumar@example.com,6858055811,DevOps-Tamil Nadu,2000,26,1/3/2016,85415.16,Average,TRUE,Active
EMP3690,Naveen,Joshi,naveen.joshi@example.com,6398221803,HR-West Bengal,1996,30,,60632.06,Excellent,N,On Leave
EMP3691,Vijay,Menon,vijay.menon@example.com,86933356233,Support-Punjab,1982,44,3/28/2015,107508.93,,Y,Pending
EMP3692,Nisha,Joshi,nisha.joshi@example.com,6326611584,Operations-Gujarat,2003,23,6/24/2015,99572.61,Excellent,N,Active
EMP3693,Pooja,Sharma,pooja.sharma@example.com,8708231714,Operations-Tamil Nadu,1994,32,10/12/2016,43342.51,Poor,N,On Leave
EMP3694,Karthik,Nathan,karthik.nathan@example.com,9870368605,Operations-West Bengal,1991,35,7/6/2023,97027.25,Excellent,Y,Terminated
EMP3695,Priya,Das,priya.das@example.com,6252094523,Finance-Punjab,1970,56,5/23/2024,26001.79,Good,FALSE,Inactive
EMP3696,Manoj,Raman,manoj.raman@example.com,65489-44538,Finance-West Bengal,2004,22,6/28/2016,132880.03,Poor,N,Inactive
EMP3697,Pooja,Kumar,pooja.kumar@example.com,90361624,Support-Delhi,1983,43,7/22/2019,44612.53,Average,1,Pending
EMP3698,Deepa,Joshi,deepa.joshi@example.com,8605879052,IT-Kerala,1969,57,10/18/2015,71807.35,,Yes,Active
EMP3699,Deepa,Iyer,deepa.iyer@example.com,9469365618,Operations-Telangana,1988,38,8/3/2018,111799.58,Excellent,Yes,Pending
EMP3700,Prakash,Krishnan,prakash.krishnan@example.com,7209567333,Sales-Kerala,1968,58,5/14/2023,111758.12,Excellent,No,Active
EMP3701,Rahul,Nathan,rahul.nathan@example.com,9392385202,Operations-Telangana,1976,50,8/12/2018,55009.13,Poor,TRUE,Pending
EMP3702,Meena,Kumar,meena.kumar@example.com,8526075699,IT-Maharashtra,1983,43,7/19/2020,107480.36,Excellent,N,On Leave
EMP3703,Sanjay,Chatterjee  ,sanjay.chatterjee@example.com,8707038503,IT-Maharashtra,1992,34,9/8/2016,139201.37,Good,Yes,Pending
EMP3704,Priya,Krishnan,priya.krishnan@example.com,7590620036,HR-Tamil Nadu,1984,42,7/24/2020,58781.08,Poor,FALSE,Pending
EMP3705,Arjun,Raman,arjun.raman@example.com,8986099550,Operations-Karnataka,1993,33,3/29/2022,98274.74,Poor,N,Active
EMP3706,Nisha,Rao,nisha.rao@example.com,7400127622,IT-Rajasthan,1989,37,1/22/2023,93506.58,Excellent,N,On Leave
EMP3707,Naveen,Subramaniam,naveen.subramaniam@example.com,6680613495,Finance-Kerala,1994,32,9/21/2015,130905.59,Good,1,On Leave
EMP3708,Manoj,Subramaniam,manoj.subramaniam@example.com,6080926166,Marketing-Punjab,1993,33,12/8/2023,73352.57,Excellent,0,Pending
EMP3709,Divya,Patel,divya.patel@example.com,9586824051,Admin-Kerala,1998,28,6/6/2023,119831.13,Good,Yes,N/A
EMP3710,Lakshmi,Gupta,lakshmi.gupta@example.com,6703630944,Support-Rajasthan,1983,,5/5/2024,50214.56,Poor,Y,Active
EMP3711,Sanjay,Bose,sanjay.bose@example.com,9972452841,Support-Rajasthan,,47,10/14/2024,59747.13,Excellent,No,Pending
EMP3712,Vijay  ,Nathan,vijay.nathan@example.com,6294420315,Operations-Gujarat,1997,29,10/21/2028,87283.17,Average,No,Pending
EMP3713,,Nair,nisha.nair@example.com,8823088295,Admin-Maharashtra,1971,55,2/27/2020,83895.62,Average,N,Pending
EMP3714,Arjun,Das,arjun.das@example.com,6730662931,IT-Maharashtra,,34,2/7/2023,93579.52,Good,Y,Inactive
EMP3715,Hema,Bose,hema.bose@example.com,6798902237,Finance-West Bengal,1986,40,2/25/2021,-99214.98,Good,TRUE,Pending
EMP3716,Vikram,Sharma,vikram.sharma@example.com,6737815915,Support-Gujarat,2000,26,1/4/2020,97615.62,Poor,TRUE,Active
EMP3717,Priya,Chatterjee,priya.chatterjee@example.com,6219051881,Finance-West Bengal,1978,48,12/21/2019,76378.11,Excellent,FALSE,Pending
EMP3718,Vikram,Chatterjee,vikram.chatterjee@example.com,7689334864,Finance-Tamil Nadu,1996,,1/8/2023,120053.14,Excellent,TRUE,Inactive
EMP3719,Manoj,Sharma,manoj.sharma@example.com,8057052187,Operations-Punjab,1979,47,12/22/2018,,Good,FALSE,On Leave
EMP3720,Swathi,Pillai,swathi.pillai@example.com,9871568910,Support-Punjab,1969,57,6/2/2020,143871.73,Good,N,Inactive
EMP3721,Manoj,Joshi,manoj.joshi@example.com,6632957378,Admin-Telangana,1997,29,4/21/2020,96813.12,Good,0,Active
EMP3722,Shalini,Reddy,shalini.reddy@example.com,7241651854,Finance-Gujarat,1997,29,5/2/2023,51047.16,Excellent,Y,Inactive
EMP3723,Vikram,Patel,vikram.patel@example.com,6502218169,Operations-Gujarat,1989,37,5/2/2023,104023.69,Excellent,No,Pending
EMP3724,Ganesh,Verma,ganesh.verma@example.com,7302650996,DevOps-West Bengal,1968,58,4/22/2021,50424.46,Excellent,FALSE,On Leave
EMP3725,Meena,Reddy,meena.reddy@example.com,8998013768,Operations-West Bengal,1969,,5/17/2023,74269.54,Excellent,TRUE,Inactive
EMP3726,Kavya,Mehta,kavya.mehta@example.com,8260186372,Marketing-Maharashtra,1982,44,4/18/2018,28362.72,Average,1,Pending
EMP3727,Karthik,Subramaniam,karthik.subramaniam@example.com,8513444867,Marketing-Kerala,1975,51,12/2/2019,71953.64,Average,N,Actve
EMP3728,Pooja  ,Chatterjee,pooja.chatterjee@example.com,7120409543,Marketing-Telangana,1970,56,7/4/2021,128682.33,Average,0,On Leave
EMP3729,Ganesh,Patel,ganesh.patel@example.com,6781871096,Sales-Tamil Nadu,1999,27,7/2/2018,50766.3,Excellent,1,Active
EMP3730,Suresh,Patel,suresh.patel@example.com,9550522411,Sales-Maharashtra,2002,24,1/26/2024,115185.75,Good,TRUE,Inactive
EMP3731,Rahul,Kumar,rahul.kumar@example.com,79222-05620,Legal-Rajasthan,1971,55,1/5/2025,56231.1,Good,Yes,On Leave
EMP3732,Swathi,Nathan,swathi.nathan@example.com,8523428644,IT-Delhi,1977,49,1/13/2017,89627.89,Good,Y,Pending
EMP3733,Kavya,Kumar,kavya.kumar@example.com,7561526655,Sales-Rajasthan,1980,46,7/7/2022,84194.18,Average,N,Pending
EMP3734,Karthik,Gupta,karthik.gupta@example.com,9535389629,Support-Tamil Nadu,1991,35,4/20/2020,122844.53,Average,Y,Pending
EMP3735,Suresh,Pillai,suresh.pillai@example.com,8685863906,Legal-Maharashtra,1986,40,2/18/2020,132926.41,Good,FALSE,Inactive
EMP3736,Vijay,Chatterjee,vijay.chatterjee@example.com,9260720148,Support-Karnataka,1987,39,8/10/2020,35412.8,Good,FALSE,Inactive
EMP3737,Naveen,Mehta,naveen.mehta@example.com,9456339172,Admin-Rajasthan,1973,53,6/20/2019,122969.29,Poor,Y,Inactive
EMP3738,Vikram,Subramaniam,vikram.subramaniam@example.com,6016125901,HR-Karnataka,1991,35,4/11/2018,95894.62,Excellent,TRUE,Inactive
EMP3739,Rajesh,Pillai,rajesh.pillai@example.com,6016793014,IT-Delhi,1982,44,9/14/2019,129153.84,Average,No,On Leave
EMP3740,Karthik,Reddy,karthik.reddy@example.com,6990342134,HR-Tamil Nadu,1984,42,1/8/2025,138981.44,Poor,0,Active
EMP3741,Anjali,Krishnan,anjali.krishnan@example.com,9132194024,HR-West Bengal,1995,31,6/12/2020,129666.68,Poor,1,Active
EMP3742,Swathi,Kumar,swathi.kumar@example.com,9391381074,HR-Maharashtra,1994,32,7/13/2016,138579.87,Good,N,On Leave
EMP3743,Divya,Das,divya.das@example.com,8525274102,Marketing-Telangana,1969,57,10/6/2018,52224.37,Poor,No,On Leave
EMP3744,Deepa,Mehta,deepa.mehta@example.com,9355842271,Legal-Telangana,1987,39,9/6/2020,96276.64,Excellent,Y,On Leave
EMP3745,Vijay,Das,vijay.das@example.com,68710066894,Sales-Gujarat,1967,59,5/2/2022,140122.67,Poor,0,On Leave
EMP3746,Hema,Reddy  ,hema.reddy@example.com,6041084791,HR-Karnataka,1975,51,8/29/2016,47622.66,Average,TRUE,On Leave
EMP3747,Prakash,Reddy,prakash.reddy@example.com,9830280104,Marketing-Delhi,1993,33,3/19/2022,91326.58,Poor,Y,Active
EMP3748,Deepa,Krishnan,deepa.krishnan@example.com,87803-78912,Support-Karnataka,1981,45,12/21/2023,81766.53,Excellent,TRUE,Inactive
EMP3749,Naveen,Nathan,naveen.nathan@example.com,9969045289,Operations-Rajasthan,1985,41,9/28/2025,68060.08,Average,N,Active
EMP3750,Kavya,Kumar,kavya.kumar@example.com,6843769929,DevOps-Telangana,1967,59,12/25/2019,76796.81,Excellent,Yes,Inactive
EMP3751,Deepa,Gupta,deepa.gupta@example.com,8369158557,Sales-Punjab,1976,50,10/23/2017,46763.61,,TRUE,On Leave
EMP3752,Vikram,Kumar,vikram.kumar@example.com,9304029662,Finance-Kerala,1980,46,5/15/2022,43049.86,Average,Yes,Inactive
EMP3753,Rajesh,Nathan,rajesh.nathan@example.com,9325031392,Finance-Maharashtra,1970,56,8/17/2023,47104.18,Good,FALSE,Active
EMP3754,Deepa,  Chatterjee,deepa.chatterjee@example.com,9162256471,Legal-Tamil Nadu,1980,46,12/10/2021,53211.62,Excellent,TRUE,On Leave
EMP3755,Lakshmi,Raman,lakshmi.raman@example.com,8743701945,,1987,39,7/13/2016,117862.48,Poor,Yes,Pending
EMP3756,Nisha,Reddy,nisha.reddy@example.com,9190223116,Operations-Kerala,1976,50,7/9/2023,77261.31,Good,N,Active
EMP3757,Pooja,Joshi,pooja.joshi@example.com,6429430003,Finance-Maharashtra,1996,30,9/28/2016,33951.54,Average,FALSE,Active
EMP3758,Suresh,Pillai,suresh.pillai@example.com,96591-53820,HR-Delhi,1992,34,8/19/2020,131432.09,Poor,N,Inactive
EMP3759,Kiran,Gupta,kiran.gupta@example.com,9565697648,Operations-Telangana,1993,33,10/9/2024,135935.95,Good,N,Inactive
EMP3760,Deepa,Subramaniam,deepa.subramaniam@example.com,9672935097,HR-Tamil Nadu,1973,53,6/27/2021,41201.73,Average,No,Inactive
EMP3761,Sanjay,Gupta,sanjay.gupta@example.com,7518407033,Operations-Kerala,1976,50,1/5/2025,86678.46,Excellent,1,Pending
EMP3762,Arjun,Nair,arjun.nair@example.com,9328630112,Finance-Delhi,1974,52,11/1/2022,112895.02,Poor,1,pending 
EMP3763,Naveen,Nair,naveen.nair@example.com,9713605494,Admin-Punjab,1973,53,10/26/2025,133709.73,Good,1,Inactive
EMP3764,Prakash,Nathan,prakash.nathan@example.com,8617580803,Sales-Karnataka,1974,52,9/21/2024,36697.71,Excellent,No,On Leave
EMP3765,Anjali,Bose,anjali.bose@example.com,9475580309,Sales-Telangana,,,1/8/2025,88621.4,Average,Yes,Inactive
EMP3766,Divya,Das,divya.das@example.com,+919115866861,DevOps-Punjab,1970,56,9/25/2016,136072.16,Poor,FALSE,Active
EMP3767,Vikram,Mehta,vikram.mehta@example.com,8728535339,IT-Maharashtra,1995,31,9/12/2024,28510.48,Average,Yes,Pending
EMP3768,Kiran,Bose,kiran.bose@example.com,7272766983,DevOps-Kerala,1969,57,1/1/2018,141128.82,Good,TRUE,Terminated
EMP3769,Karthik,Raman,karthik.raman@example.com,7777711842,Admin-West Bengal,1980,,3/5/2024,48805.43,Poor,Yes,Inactive
EMP3770,Rajesh,Mehta,rajesh.mehta@example.com,9719619971,DevOps-Karnataka,1968,58,2/15/2018,42601.54,Good,N,Pending
EMP3771,Rajesh,Nathan,rajesh.nathan@example.com,8379322191,Legal-Rajasthan,1989,37,3/23/2018,-122372.34,Average,Y,Pending
EMP3772,Anitha,Nathan,anitha.nathan@example.com,6265893475,Operations-Tamil Nadu,1986,40,4/13/2016,35327.0,Excellent,TRUE,Active
EMP3773,Shalini,Chatterjee,shalini.chatterjee@example.com,8320317266,Marketing-Gujarat,2003,23,7/9/2019,83999.21,Good,0,Pending
EMP3774,Kiran,Bose,kiran.bose@example.com,6908543271,Finance-Gujarat,1983,,9/23/2022,135072.47,Poor,0,On Leave
EMP3775,Ganesh,Rao,ganesh.rao@example.com,6283541589,Operations-Delhi,1977,49,8/27/2015,32108.05,Good,Yes,On Leave
EMP3776,Nisha,Sharma,nisha.sharma@example.com,9470531105,Operations-West Bengal,1991,35,3/17/2022,28091.57,Good,No,On Leave
EMP3777,Sanjay,,sanjay@example.com,6167671877,DevOps-Delhi,2004,22,1/23/2016,94712.44,Good,0,On Leave
EMP3778,Prakash,Nair,prakash.nair@example.com,6937616522,Support-Punjab,,39,6/13/2019,134887.23,Poor,1,Pending
EMP3779,Ganesh,,ganesh.nathan@example.com,7858050141,Legal-Rajasthan,1985,41,8/17/2018,67674.8,Poor,1,Active
EMP3780,Divya,Das,divya.das@example.com,7449287875,Legal-Kerala,1987,39,12/13/2019,35034.85,Poor,Y,Active
EMP3781,,Pillai,priya.pillai@example.com,7336931806,Finance-Kerala,1969,57,1/6/2022,29516.11,Excellent,Y,Inactive
EMP3782,Priya,Kumar,priya.kumar@example.com,8469567406,Finance-West Bengal,1992,34,6/9/2021,81404.04,Average,N,Active
EMP3783,Sneha,Rao,sneha.rao@example.com,8862673664,HR-Telangana,1992,34,6/7/2022,127840.16,Good,FALSE,Inactive
EMP3784,Anitha,Nair,anitha.nair@example.com,6504505092,Support-Rajasthan,1975,51,8/26/2023,125522.74,Average,1,On Leave
EMP3785,Vijay,Joshi,vijay.joshi@example.com,6625851502,Legal-Delhi,1994,32,6/30/2020,138373.18,Average,No,Active
EMP3786,Ganesh,Kumar,ganesh.kumar@example.com,6235904265,IT-Kerala,1969,57,12/20/2017,121472.34,Good,N,Active
EMP3787,Manoj,Gupta,manoj.gupta@example.com,7511745553,Marketing-Karnataka,1998,28,2/27/2017,94250.9,Average,0,Active
EMP3788,Rajesh,Sharma,rajesh.sharma@example.com,6260848187,DevOps-Delhi,1981,45,7/29/2016,130732.01,Average,FALSE,On Leave
EMP3789,Arun,Subramaniam,arun.subramaniam@example.com,9731234388,IT-Tamil Nadu,1980,46,8/26/2025,34219.21,Average,TRUE,Inactive
EMP3790,Priya,Verma,priya.verma@example.com,9672991154,Finance-Kerala,1980,46,8/19/2024,109940.24,Good,1,On Leave
EMP3791,Anjali,Verma,anjali.verma@example.com,7917926517,Admin-Delhi,2004,22,12/13/2015,135824.83,Poor,Yes,Pending
EMP3792,Meena,Bose,meena.bose@example.com,6529877074,Support-Gujarat,2004,22,3/2/2021,55773.2,Average,1,Active
EMP3793,Nisha,Nathan,nisha.nathan@example.com,7958676030,Sales-Tamil Nadu,1976,,3/26/2019,117800.16,Excellent,N,Active
EMP3794,Nisha,Rao,nisha.rao@example.com,8601842201,Support-Maharashtra,1992,34,11/6/2015,136083.23,Poor,Y,Inactive
EMP3795,Swathi,Chatterjee,swathi.chatterjee@example.com,9672000521,HR-West Bengal,1991,35,8/31/2017,92183.88,Poor,No,On Leave
EMP3796,Rajesh,Reddy,rajesh.reddy@example.com,8454569729,Admin-Punjab,1966,60,5/25/2024,100832.02,Excellent,No,Active
EMP3797,Suresh,Das,suresh.das@example.com,7055737138,DevOps-Karnataka,1997,29,6/29/2024,78207.13,Good,0,Pending
EMP3798,Arjun,Mehta,arjun.mehta@example.com,6421524831,Admin-West Bengal,1984,42,4/11/2019,46988.59,Excellent,Yes,Pending
EMP3799,Pooja,Patel,pooja.patel@example.com,9315922912,Marketing-West Bengal,2001,25,6/1/2020,140871.58,Good,TRUE,Inactive
EMP3800,Priya,Das,priya.das@example.com,8789849749,Finance-Rajasthan,1999,27,10/4/2016,60095.73,Excellent,0,Pending
EMP3801,Nisha,Nathan,nisha.nathan@example.com,6631297557,Admin-Punjab,1986,40,4/10/2023,36865.1,Excellent,Y,Inactive
EMP3802,Anjali,Patel,anjali.patel@example.com,9167532163,Support-Karnataka,1978,48,8/13/2021,106033.78,Good,FALSE,Active
EMP3803,Rajesh,Rao,rajesh.rao@example.com,7563998127,Support-Kerala,1967,59,9/24/2022,100256.41,Good,N,On Leave
EMP3804,Anjali,Rao,anjali.rao@example.com,7360186399,HR-Gujarat,1969,57,1/24/2017,65333.91,Average,FALSE,Active
EMP3805,Ravi,Reddy,ravi.reddy@example.com,8987240899,Operations-Delhi,2003,23,12/25/2023,83786.67,Average,0,On Leave
EMP3806,Rajesh,Reddy,rajesh.reddy@example.com,6242224198,HR-West Bengal,1969,57,10/19/2025,102712.51,Excellent,1,On Leave
EMP3807,Naveen,Pillai,naveen.pillai@example.com,7509476511,Operations-Kerala,1965,61,4/11/2022,123862.83,Average,Yes,On Leave
EMP3808,Arjun,Patel,arjun.patel@example.com,6826110356,Legal-Telangana,1996,30,12/14/2021,113335.16,Average,Y,Active
EMP3809,Ravi,Menon,ravi.menon@example.com,,DevOps-West Bengal,1992,34,10/1/2019,99993.55,Good,Y,Active
EMP3810,Kavya,Menon,kavya.menon@example.com,,Support-Punjab,1980,46,2/24/2016,142383.86,Average,N,Inactive
EMP3811,Ravi,Rao,ravi.rao@example.com,8917650471,Support-Punjab,1988,38,5/1/2025,84950.53,,0,Inactive
EMP3812,Arjun,,arjun@example.com,9061706901,Legal-Kerala,2000,26,6/24/2025,59346.46,Poor,0,On Leave
EMP3813,Nisha,Joshi,nisha.joshi@example.com,8923435969,DevOps-Karnataka,1995,31,3/1/2023,65724.05,Poor,0,On Leave
EMP3814,Arun,Gupta,arun.gupta@example.com,7503857626,Legal-Delhi,1984,150,12/2/2023,95123.76,Good,No,Active
EMP3815,Deepa,Bose,deepa.bose@example.com,9896951930,Admin-Rajasthan,1991,35,7/12/2022,73170.33,Excellent,No,Inactive
EMP3816,Ganesh,Bose,ganesh.bose@example.com,9896331812,Support-West Bengal,1968,58,8/27/2019,43335.12,Good,TRUE,On Leave
EMP3817,Lakshmi,Joshi,lakshmi.joshi@example.com,9747594434,IT-Karnataka,1984,42,3/5/2020,135767.74,Good,1,Active
EMP3818,Rajesh,Krishnan,rajesh.krishnan@example.com,7411573309,Sales-Delhi,1994,32,4/13/2015,58142.3,Poor,Y,On Leave
EMP3819,Hema,Sharma,hema.sharma@example.com,7266000470,Marketing-West Bengal,1997,29,2/6/2023,57923.94,Average,FALSE,Inactive
EMP3820,Vikram,Iyer,vikram.iyer@example.com,8661447761,Marketing-West Bengal,2003,23,5/14/2021,98946.17,Excellent,Y,Pending
EMP3821,Kiran,Patel,kiran.patel@example.com,7302927640,Operations-West Bengal,1974,52,2/2/2029,114001.85,Average,Yes,Inactive
EMP3822,Naveen,Mehta,naveen.mehta@example.com,,Sales-Kerala,1970,56,6/16/2018,85569.19,Excellent,Y,Pending
EMP3823,Prakash,Menon,prakash.menon@example.com,8346581539,HR-Punjab,1991,35,9/11/2024,87112.57,Good,FALSE,Terminated
EMP3824,Kiran,Chatterjee,kiran.chatterjee@example.com,73831-93489,Legal-Rajasthan,2001,25,8/6/2022,124206.64,Poor,Yes,On Leave
EMP3825,Prakash,Sharma,prakash.sharma@example.com,7185273411,Operations-Delhi,2003,23,4/4/2025,44623.27,Poor,No,Active
EMP3826,Vijay,Iyer,vijay.iyer@example.com,8576634541,Sales-Karnataka,1967,59,4/30/2018,26282.84,Excellent,0,On Leave
EMP3827,Anjali,Menon,anjali.menon@example.com,6082242168,Admin-Kerala,1991,35,12/6/2021,139670.13,Excellent,0,Active
EMP3828,Naveen,Bose,naveen.bose@example.com,89325722873,Operations-Maharashtra,1989,37,4/12/2019,144325.43,Average,Yes,Active
EMP3829,Meena,Nair,meena.nair@example.com,7860604802,Marketing-Rajasthan,1973,53,3/11/2020,142409.45,Average,Yes,Active
EMP3830,Naveen,Menon,naveen.menon@example.com,9556238878,DevOps-West Bengal,2003,23,7/1/2021,27911.72,Average,Y,Active
EMP3831,Arjun,Joshi,arjun.joshi@example.com,8794719903,Legal-Delhi,1989,37,4/4/2022,40997.12,Excellent,FALSE,Active
EMP3832,Sanjay,Krishnan,sanjay.krishnan@example.com,8167309532,Marketing-Delhi,2001,25,12/23/2022,119185.7,Excellent,0,Inactive
EMP3833,Vijay,,vijay@example.com,780183235,Support-Punjab,1998,28,12/20/2023,66466.08,Good,TRUE,Inactive
EMP3834,Kavya,Chatterjee,kavya.chatterjee@example.com,7175559289,DevOps - Punjab,1990,36,6/15/2017,84953.75,Average,FALSE,On Leave
EMP3835,Pooja,Joshi,pooja.joshi@example.com,8156419678,Support-West Bengal,1975,51,5/7/2016,129878.81,Poor,Y,On Leave
EMP3836,Anitha,Kumar,anitha.kumar@example.com,8927668098,Finance-Tamil Nadu,1990,36,12/18/2015,119825.12,Good,TRUE,Inactive
EMP3837,Kavya,Sharma,kavya.sharma@example.com,8460539260,IT-Delhi,2000,,9/28/2018,133808.38,Poor,Yes,On Leave
EMP3838,Kavya,Mehta,kavya.mehta@example.com,8021553830,DevOps-Maharashtra,1986,40,10/24/2022,131570.75,Excellent,N,Inactive
EMP3839,Manoj,Krishnan,manoj.krishnan@example.com,67755-12944,Admin-Delhi,1988,38,12/29/2017,61071.42,Excellent,No,Active
EMP3840,Deepa,Nathan,deepa.nathan@example.com,8494343687,Support-Maharashtra,1980,46,6/8/2022,96295.56,Average,Yes,On Leave
EMP3841,Divya,Krishnan,,6547734943,Legal-Telangana,1968,58,10/13/2022,55123.87,Average,No,Active
EMP3842,Naveen,Gupta,naveen.gupta@example.com,7328555809,Support-Kerala,1971,55,11/2/2025,116403.61,Average,FALSE,On Leave
EMP3843,Naveen,Raman,naveen.raman@example.com,6714697147,Operations-West Bengal,1998,28,3/7/2022,39694.72,Good,N,On Leave
EMP3844,Sneha,Pillai,sneha.pillai@example.com,6170679490,Sales-Punjab,1996,30,8/6/2023,75302.74,Poor,Y,Active
EMP3845,Kavya,Nathan,kavya.nathan@example.com,7558960707,Finance-Karnataka,1988,38,6/15/2022,93709.66,Poor,TRUE,Pending
EMP3846,Pooja,Chatterjee,pooja.chatterjee@example.com,8796714803,HR-Delhi,1969,57,4/1/2020,138846.95,Average,0,Inactive
EMP3847,Shalini,Kumar,shalini.kumar@example.com,7886691122,Operations-Kerala,1974,52,12/14/2016,146788.68,Poor,Y,Active
EMP3848,Hema,Menon,hema.menon@example.com,7255441181,HR-Karnataka,1999,27,6/14/2024,66643.34,Average,Y,On Leave
EMP3849,Rajesh,Chatterjee,rajesh.chatterjee@example.com,8714622014,DevOps-Delhi,1966,60,4/24/2017,94077.11,Good,1,Active
EMP3850,Anitha,Rao,anitha.rao@example.com,9183762950,Finance-Punjab,1989,,,85210.42,Poor,No,Pending
EMP3851,Ganesh,Mehta,ganesh.mehta@example.com,+918649674199,Sales-Telangana,1998,28,5/12/2018,37872.25,Excellent,TRUE,On Leave
EMP3852,Priya,Krishnan,priya.krishnan@example.com,8891368296,Admin-Rajasthan,2001,25,3/27/2022,26933.23,Excellent,No,Active
EMP3853,Arun,Joshi,arun.joshi@example.com,7933583843,Operations-Maharashtra,1986,40,1/15/2015,42574.46,Excellent,N,Active
EMP3854,Nisha,,nisha@example.com,7833195589,IT-Kerala,1995,31,3/26/2019,96738.77,Excellent,Yes,Active
EMP3855,Vikram,,vikram@example.com,6516483895,Legal-Gujarat,1996,30,4/20/2015,49030.7,Excellent,FALSE,Pending
EMP3856,Manoj,Das,manoj.das@example.com,7033249675,DevOps-West Bengal,1965,61,8/22/2018,142717.79,Poor,FALSE,Pending
EMP3857,Sneha,Gupta,sneha.gupta@example.com,8761110797,Support-Tamil Nadu,1993,33,4/24/2016,92675.16,Average,No,On Leave
EMP3858,Prakash,Joshi,prakash.joshi@example.com,8606699261,Legal-Gujarat,1989,37,9/7/2020,67231.67,Good,N,Pending
EMP3859,Rahul,Patel,rahul.patel@example.com,6735128962,DevOps-Gujarat,1994,0,1/6/2025,128176.81,Poor,0,Active
EMP3860,Hema,Sharma,hema.sharma@example.com,7069523578,IT-Delhi,1980,0,8/11/2021,141134.23,Poor,0,On Leave
EMP3861,Suresh,Nair,suresh.nair@example.com,8428053764,Sales-Tamil Nadu,1981,45,3/26/2021,67041.47,Average,Yes,On Leave
EMP3862,Lakshmi,Krishnan,lakshmi.krishnan@example.com,7992879872,DevOps-Punjab,1976,0,10/17/2017,135964.22,Excellent,N,Pending
EMP3863,Arjun,Mehta,arjun.mehta@example.com,9005102874,Legal-Kerala,1976,50,4/8/2025,108316.63,Poor,TRUE,Active
EMP3864,Karthik,Nair,karthik.nair@example.com,8015269744,HR-Gujarat,1988,38,2/2/2018,91228.41,Excellent,1,Pending
EMP3865,Priya,Pillai,priya.pillai@example.com,8579232671,Support-Delhi,2001,25,7/14/2020,42719.84,Poor,0,Active
EMP3866,Swathi,Chatterjee,swathi.chatterjee@example.com,7332970493,Sales-Karnataka,1996,30,6/2/2020,N/A,Excellent,FALSE,On Leave
EMP3867,Vikram,Krishnan,vikram.krishnan@example.com,8248739626,Marketing-Kerala,1969,57,10/11/2021,105740.56,Excellent,0,Active
EMP3868,Nisha,Iyer,nisha.iyer@example.com,9296571564,DevOps-Gujarat,1992,34,12/4/2016,135233.56,Average,Y,Pending
EMP3869,Arjun,Sharma,arjun.sharma@example.com,9242662254,Support-Tamil Nadu,1973,53,9/12/2019,145126.09,Average,Y,Pending
EMP3870,Uma,Sharma,uma.sharma@example.com,9900184293,Admin-Tamil Nadu,1986,40,8/3/2025,113843.06,Good,Y,On Leave
EMP3871,Suresh,Nathan,suresh.nathan@example.com,9247365003,Support-Delhi,1985,41,3/22/2025,111692.45,Excellent,No,Inactive
EMP3872,Vikram,Kumar,vikram.kumar@example.com,6697920675,Operations-Karnataka,1984,42,6/25/2020,56177.44,Average,N,Inactive
EMP3873,Ravi,Subramaniam,ravi.subramaniam@example.com,7307345330,Sales-Telangana,1978,48,9/13/2024,47903.09,Poor,0,Active
EMP3874,Anitha,Patel,anitha.patel@example.com,9155587094,Sales-Rajasthan,1977,49,8/14/2015,55215.94,Excellent,TRUE,Active
EMP3875,Rajesh,Sharma,rajesh.sharma@example.com,8053494197,Marketing-West Bengal,1970,56,2/13/2024,71532.69,Excellent,No,Inactive
EMP3876,Rajesh,Mehta,rajesh.mehta@example.com,93520076,Operations-Delhi,1997,29,2/11/2018,-76197.45,Excellent,No,On Leave
EMP3877,Priya,Krishnan,priya.krishnan@example.com,9103927888,Legal-Gujarat,1969,57,10/8/2022,-145544.04,Excellent,No,On Leave
EMP3878,Pooja,Nathan,pooja.nathan@example.com,956882672,IT-Punjab,1991,35,1/3/2021,116732.39,Average,No,Active
EMP3879,  Rahul  ,Mehta,rahul.mehta@example.com,6454983671,Admin-Gujarat,1977,49,3/4/2018,27217.83,Excellent,0,On Leave
EMP3880,Sneha,Gupta,sneha.gupta@example.com,6739200258,Marketing-Karnataka,1986,40,12/11/2015,78123.32,Average,N,Active
EMP3881,Lakshmi,Patel,lakshmi.patel@example.com,7402545500,IT-Tamil Nadu,1971,55,5/24/2020,38533.17,Excellent,TRUE,INACTIVE
EMP3882,Deepa,Subramaniam,deepa.subramaniam@example.com,6009143529,Support-Delhi,1996,30,11/1/2020,88750.24,Poor,Y,Inactive
EMP3883,Uma,Pillai,uma.pillai@example.com,7756002230,Legal-Rajasthan,1991,35,6/18/2023,73435.74,Good,1,On Leave
EMP3884,Prakash,Verma,prakash.verma@example.com,9608123927,HR-Maharashtra,1988,38,4/6/2024,57799.31,Good,No,Pending
EMP3885,Deepa,Gupta,deepa.gupta@example.com,+918886313737,HR-Kerala,1990,36,2/2/2024,126502.26,Good,Y,Inactive
EMP3886,Lakshmi,Sharma,lakshmi.sharma@example.com,6199256924,Finance-West Bengal,2002,24,11/2/2023,40190.21,Poor,Y,Active
EMP3887,Kavya,Chatterjee,kavya.chatterjee@example.com,7517904470,HR-Telangana,1969,57,8/14/2024,149927.56,Excellent,No,Inactive
EMP3888,Kavya,Kumar,kavya.kumar@example.com,8074033744,HR-Telangana,1997,29,3/31/2015,49741.56,Poor,TRUE,Pending
EMP3889,Vikram,  Nathan,vikram.nathan@example.com,8318057631,IT-West Bengal,2004,22,1/24/2022,75565.06,,1,Pending
EMP3890,Priya,Iyer,priya.iyer@example.com,8817036100,HR-Maharashtra,,36,3/29/2015,32679.11,Poor,1,On Leave
EMP3891,Manoj,,manoj@example.com,+916049021444,DevOps-Delhi,1985,41,3/19/2017,126118.09,Poor,No,Pending
EMP3892,Hema,Raman,hema.raman@example.com,7004999266,Support-Telangana,1991,35,3/13/2019,142515.4,Poor,FALSE,On Leave
EMP3893,Sanjay,Das,sanjay.das@example.com,8392768714,HR-Gujarat,2001,25,10/15/2022,139129.83,Good,N,Pending
EMP3894,Uma,Pillai,uma.pillai@example.com,6698935464,Operations-Gujarat,1992,,3/10/2022,37658.52,Poor,No,On Leave
EMP3895,Naveen,Subramaniam,naveen.subramaniam@example.com,6509260001,Marketing-Kerala,1979,47,6/2/2022,41540.03,Poor,TRUE,Inactive
EMP3896,Hema,Reddy,hema.reddy@example.com,7846990867,HR-Rajasthan,2000,26,8/26/2023,118373.14,Excellent,,Inactive
EMP3897,Swathi,Rao,swathi.rao@example.com,9318641761,DevOps-Delhi,1991,35,11/14/2025,64626.24,Good,FALSE,Active
EMP3898,Ganesh,Pillai,ganesh.pillai@example.com,7252826712,Operations-Rajasthan,1997,29,11/1/2021,98881.87,Average,TRUE,Active
EMP3899,Nisha,Pillai,nisha.pillai@example.com,,Finance-Maharashtra,2004,22,5/19/2018,110474.27,Poor,0,Active
EMP3900,Pooja,Mehta,pooja.mehta@example.com,9216266032,Sales-West Bengal,1975,51,6/2/2025,101218.73,Excellent,N,Inactive
EMP3901,Arjun,Verma,arjun.verma@example.com,7474111736,Legal-Rajasthan,1994,32,11/17/2025,139618.83,Average,N,Active
EMP3902,Manoj,Kumar,manoj.kumar@example.com,7482873210,DevOps-West Bengal,1975,51,3/11/2023,131270.29,Excellent,FALSE,Inactive
EMP3903,Swathi,Bose,swathi.bose@example.com,9963651295,Marketing-Telangana,1974,52,1/27/2015,33006.68,Average,Yes,Inactive
EMP3904,Karthik,Kumar,karthik.kumar@example.com,6342437539,Support-Telangana,1973,53,9/27/2022,30957.05,,Yes,Inactive
EMP3905,Kavya,Subramaniam,kavya.subramaniam@example.com,9166497008,Operations-Delhi,1992,34,4/14/2020,115860.41,Excellent,Y,Active
EMP3906,Hema,Krishnan,hema.krishnan@example.com,6315255232,Finance-Rajasthan,1975,51,4/26/2018,36986.58,Excellent,0,Pending
EMP3907,Hema,Chatterjee,hema.chatterjee@example.com,6152558627,DevOps-Telangana,1982,44,7/17/2024,114138.58,Average,N,Active
EMP3908,Pooja,Chatterjee,pooja.chatterjee@example.com,72935545925,Legal-Tamil Nadu,1966,60,12/31/2023,137801.19,Poor,Yes,On Leave
EMP3909,Vikram,Patel,vikram.patel@example.com,6895897015,IT-Gujarat,2000,26,7/5/2023,66419.78,Average,Yes,Pending
EMP3910,Meena,Menon,meena.menon@example.com,6399799271,Sales-Tamil Nadu,1977,49,5/24/2023,33793.5,Good,1,Active
EMP3911,Uma,Krishnan,uma.krishnan@example.com,9309007379,Support-Gujarat,1998,28,8/19/2016,89170.5,Poor,N,Pending
EMP3912,Vikram,Nathan,vikram.nathan@example.com,8759160435,DevOps-Telangana,1984,42,6/27/2015,81487.43,Poor,Y,Inactive
EMP3913,Uma,Bose,uma.bose@example.com,9784340730,Legal-Tamil Nadu,2003,23,10/24/2019,70484.28,Good,0,Active
EMP3914,Ganesh,Reddy,ganesh.reddy@example.com,7850231265,IT-Kerala,1965,61,5/8/2019,97983.53,Average,TRUE,On Leave
EMP3915,Manoj,Pillai,manoj.pillai@example.com,9020061741,Finance-Telangana,1968,58,10/3/2017,58479.79,Average,N,On Leave
EMP3916,Deepa,Gupta,deepa.gupta@example.com,7228305644,HR-Maharashtra,2001,25,1/17/2016,144568.99,Excellent,0,Active
EMP3917,Rajesh  ,Raman,rajesh.raman@example.com,6460082369,Legal-Kerala,1991,35,1/28/2015,87465.3,Average,FALSE,Inactive
EMP3918,,Nair,swathi.nair@example.com,6039344907,Finance-Tamil Nadu,1988,38,6/29/2019,38022.93,Poor,Y,Inactive
EMP3919,Sneha,Menon,sneha.menon@example.com,9008228377,IT-Delhi,1969,57,4/25/2025,72240.56,Excellent,0,Inactive
EMP3920,Meena,Joshi,meena.joshi@example.com,8466589524,Support-Gujarat,2000,26,3/3/2017,43840.74,Excellent,FALSE,Active
EMP3921,Arun,Subramaniam,arun.subramaniam@example.com,8657770612,Admin-Gujarat,1981,45,12/25/2016,70223.4,Average,Y,active
EMP3922,Arjun,Bose,arjun.bose@example.com,6566880316,Sales-Rajasthan,1974,52,10/19/2015,113430.47,Poor,1,Pending
EMP3923,Sneha,Subramaniam,sneha.subramaniam@example.com,6870170867,HR-Maharashtra,1981,45,9/2/2017,147872.7,Poor,No,On Leave
EMP3924,Divya,Raman,divya.raman@example.com,6109007017,Admin-Tamil Nadu,1979,47,3/8/2019,116501.19,Good,No,On Leave
EMP3925,  Lakshmi,Kumar,lakshmi.kumar@example.com,8974425269,Finance-Delhi,2004,22,7/26/2022,46518.58,Poor,Y,Pending
EMP3926,Ravi,Menon,ravi.menon@example.com,9816085571,DevOps-Telangana,1988,38,2/7/2017,54794.43,Good,0,Pending
EMP3927,Manoj,Verma,manoj.verma@example.com,8099986324,Support-Punjab,1982,44,8/27/2015,51429.86,Poor,Y,On Leave
EMP3928,Anitha,Krishnan,anitha.krishnan@example.com,6830734800,Sales-Punjab,1969,57,8/6/2022,78036.36,Average,No,Pending
EMP3929,Rahul,Patel,rahul.patel@example.com,9498474604,Sales-Kerala,1983,43,6/10/2021,89630.21,Excellent,No,On Leave
EMP3930,Anitha,Joshi,anitha.joshi@example.com,9754458474,Finance-Karnataka,1970,56,1/1/2021,30927.41,Good,1,Pending
EMP3931,Anitha,,anitha@example.com,6124844793,Finance-Rajasthan,1978,48,1/14/2015,111406.98,Poor,TRUE,Inactive
EMP3932,Hema,Raman,hema.raman@example.com,7274330372,Operations-Maharashtra,1980,46,7/24/2025,N/A,Average,FALSE,Active
EMP3933,Uma,Mehta,uma.mehta@example.com,6545985866,Marketing-West Bengal,1969,57,1/6/2022,34562.24,5,No,Pending
EMP3934,Kavya,Krishnan,kavya.krishnan@example.com,78828470,Support-Punjab,1973,53,6/7/2022,90413.95,Excellent,N,On Leave
EMP3935,Swathi,Pillai,swathi.pillai@example.com,9852728760,HR-Maharashtra,1975,51,11/7/2019,143080.65,Good,0,Inactive
EMP3936,Rahul,Kumar,rahul.kumar@example.com,9700453585,HR-Tamil Nadu,1999,27,2/25/2022,104161.92,Average,1,Inactive
EMP3937,Sneha,Rao,sneha.rao@example.com,9704116788,Finance-Maharashtra,1993,33,12/14/2022,45402.13,Good,1,Inactive
EMP3938,Karthik,Raman,karthik.raman@example.com,,DevOps-Delhi,1986,40,7/24/2028,89362.41,Poor,TRUE,Active
EMP3939,Shalini,Patel,shalini.patel@example.com,6138716283,Legal-Telangana,1991,35,4/9/2015,104522.51,Excellent,TRUE,Inactive
EMP3940,Kavya,Chatterjee,kavya.chatterjee@example.com,6565969579,Support-Tamil Nadu,1988,38,2/21/2018,129713.15,Excellent,1,Pending
EMP3941,Deepa,Raman,deepa.raman@example.com,8252520788,Sales-Kerala,1980,46,4/25/2021,113759.2,Average,N,Inactive
EMP3942,Kiran,Iyer,kiran.iyer@example.com,7403532124,HR-Telangana,1988,38,8/2/2018,43617.22,Good,Y,Active
EMP3943,Deepa,Kumar,deepa.kumar@example.com,,Sales-Rajasthan,1976,50,3/9/2021,137647.28,Good,Yes,On Leave
EMP3944,Pooja,Nathan,pooja.nathan@example.com,+917112029138,IT-Telangana,1988,38,9/26/2021,120892.14,Poor,TRUE,On Leave
EMP3945,Anitha,Sharma,anitha.sharma@example.com,7356831723,Legal-Tamil Nadu,1998,28,8/6/2022,76521.07,Excellent,No,Active
EMP3946,Prakash,Das,prakash.das@example.com,+917034495607,HR-Gujarat,1978,48,1/13/2016,102297.58,Poor,Yes,Inactive
EMP3947,Prakash,Bose,prakash.bose@example.com,8703996306,Finance-Kerala,1994,32,3/26/2019,119487.83,Good,No,Active
EMP3948,Manoj,,manoj@example.com,6971408633,Admin-West Bengal,1990,36,8/28/2024,114464.18,Poor,Y,Active
EMP3949,Deepa,Rao,deepa.rao@example.com,7585455139,Admin-Telangana,1999,27,12/27/2021,134408.95,Excellent,FALSE,On Leave
EMP3950,Prakash,Subramaniam,prakash.subramaniam@example.com,9475846648,Finance-Delhi,1999,27,12/19/2022,86129.88,Good,Yes,Inactive
EMP3951,Sneha,Gupta,sneha.gupta@example.com,9281436116,HR-Gujarat,1975,51,6/2/2015,40228.53,Excellent,Y,On Leave
EMP3952,Divya,Reddy,divya.reddy@example.com,7771403445,Support-Rajasthan,1966,60,12/15/2022,103824.07,Average,TRUE,On Leave
EMP3953,,Subramaniam,suresh.subramaniam@example.com,9368385095,HR-Karnataka,1991,35,7/26/2020,121929.54,Poor,N,Active
EMP3954,Ganesh,Joshi,ganesh.joshi@example.com,9700627959,Legal-Karnataka,,38,2/13/2017,76482.91,Excellent,Y,Inactive
EMP3955,Rajesh,Reddy,rajesh.reddy@example.com,6161734479,Operations-West Bengal,1983,43,4/27/2023,118946.64,Average,N,Active
EMP3956,Deepa,Krishnan,deepa.krishnan@example.com,7945761304,Support-Delhi,1992,34,10/18/2021,85801.67,Excellent,1,Active
EMP3957,Kiran,Subramaniam,kiran.subramaniam@example.com,7026564771,IT-Kerala,1974,52,1/1/2025,92727.73,Poor,0,Active
EMP3958,Suresh,Bose,suresh.bose@example.com,8461198309,DevOps-Tamil Nadu,1998,28,6/15/2025,,Excellent,Yes,Pending
EMP3959,Hema,Verma,hema.verma@example.com,7251218082,Support-Punjab,1986,40,7/28/2020,149998.61,Poor,Yes,On Leave
EMP3960,Vijay,Mehta,vijay.mehta@example.com,6003709070,Sales-Maharashtra,1988,38,2/27/2021,149093.85,Average,1,Inactive
EMP3961,Sneha,Bose,sneha.bose@example.com,9487629650,Operations-Rajasthan,1967,59,6/10/2023,113287.64,Good,TRUE,Pending
EMP3962,Hema,Verma,hema.verma@example.com,7202626930,DevOps-West Bengal,1982,44,10/18/2016,87768.14,Poor,Yes,On Leave
EMP3963,Shalini,Das,shalini.das@example.com,7247675125,DevOps-Delhi,2004,22,3/5/2020,119185.72,Excellent,No,On Leave
EMP3964,Sanjay,Mehta,sanjay.mehta@example.com,92372259,IT-West Bengal,1991,35,7/11/2016,86570.87,Good,1,Inactive
EMP3965,Rajesh,Mehta,rajesh.mehta@example.com,8561257804,Legal-Telangana,1978,48,4/17/2017,,Good,No,Inactive
EMP3966,Manoj,Reddy,manoj.reddy@example.com,7792640532,HR-Gujarat,2001,25,1/8/2025,147155.44,Average,TRUE,Pending
EMP3967,Manoj,Rao,manoj.rao@example.com,8032198596,IT-Telangana,1973,53,2/16/2022,125348.61,Poor,FALSE,Active
EMP3968,Hema,Raman,,7289591038,Operations-West Bengal,1998,28,5/31/2015,75409.05,Poor,Y,Pending
EMP3969,Deepa,Nair,deepa.nair@example.com,9565317087,Operations-Delhi,1993,33,8/26/2019,53481.52,Average,Y,On Leave
EMP3970,Priya,Nair,priya.nair@example.com,8939166019,IT-West Bengal,1979,47,12/8/2018,116978.8,Good,Y,Pending
EMP3971,Nisha,Kumar,nisha.kumar@example.com,6760909371,DevOps-Delhi,1974,52,6/22/2023,80909.26,Good,N,On Leave
EMP3972,Deepa,Raman  ,deepa.raman@example.com,8665183784,Admin-West Bengal,2001,25,7/15/2020,124096.88,Poor,N,Active
EMP3973,Manoj,Iyer,manoj.iyer@example.com,8343548695,IT-Telangana,2003,23,12/10/2021,51790.23,Average,1,Inactive
EMP3974,Divya,Menon,divya.menon@example.com,9476911612,HR-Tamil Nadu,1967,59,9/15/2019,102737.22,,TRUE,On Leave
EMP3975,Hema,Krishnan,hema.krishnan@example.com,7352866013,Marketing-Kerala,1991,35,11/15/2022,33766.23,Excellent,N,Inactive
EMP3976,Suresh,Kumar,suresh.kumar@example.com,8999136505,Support-Tamil Nadu,1966,60,2/3/2024,69227.6,Excellent,0,Active
EMP3977,Vikram,Reddy,vikram.reddy@example.com,6719612933,Support-Gujarat,1992,34,6/1/2020,,Good,FALSE,On Leave
EMP3978,Karthik,Rao,karthik.rao@example.com,9112620306,Admin-Tamil Nadu,1978,48,6/29/2025,141114.53,Average,Y,Pending
EMP3979,Naveen,Raman,naveen.raman@example.com,8598792062,Support-West Bengal,1969,57,6/25/2022,116233.1,Good,FALSE,Inactive
EMP3980,Hema,Verma,hema.verma@example.com,7608164180,Legal-Karnataka,2002,24,5/26/2021,120351.25,Average,Yes,Active
EMP3981,Anjali,Patel,anjali.patel@example.com,6627456698,HR-Telangana,2000,26,4/28/2021,65710.41,Excellent,,On Leave
EMP3982,Nisha,Chatterjee,nisha.chatterjee@example.com,6953016472,Admin-Karnataka,2004,22,1/10/2019,81787.61,Poor,Y,Pending
EMP3983,Ganesh,Das,ganesh.das@example.com,8982468967,Legal-Tamil Nadu,1989,37,9/26/2025,73510.56,Good,0,pending 
EMP3984,Divya,Das,divya.das@example.com,6085894961,Sales-Maharashtra,1988,38,6/25/2016,50785.22,Good,Y,Pending
EMP3985,Divya,,divya.raman@example.com,6912944314,IT-Kerala,1970,56,1/19/2018,71433.36,Good,TRUE,Active
EMP3986,Ganesh,Iyer,ganesh.iyer@example.com,7137998181,IT-Telangana,1977,49,10/27/2024,129309.16,Average,Yes,Inactive
EMP3987,Priya,Subramaniam,priya.subramaniam@example.com,7725442253,Support-Rajasthan,1992,34,1/21/2019,87991.85,Average,N,Inactive
EMP3988,Karthik,Joshi,karthik.joshi@example.com,9458712075,IT-Telangana,1979,47,9/23/2020,145272.92,Poor,1,Inactive
EMP3989,Swathi,Rao,swathi.rao@example.com,8452996457,Finance-West Bengal,1967,59,1/28/2025,142570.97,Good,Yes,Active
EMP3990,Uma,Rao,uma.rao@example.com,7449975858,Marketing-Delhi,1980,46,6/17/2025,81365.45,Poor,Yes,On Leave
EMP3991,Ganesh,Iyer,ganesh.iyer@example.com,712223954,Sales-Maharashtra,2001,25,11/11/2017,52168.8,Good,Yes,Inactive
EMP3992,Arun,Verma,arun.verma@example.com,9622821282,Support-Delhi,2000,26,2/9/2023,132312.83,Good,Y,Active
EMP3993,Naveen,Rao,naveen.rao@example.com,9660485312,Admin-Gujarat,1981,45,4/23/2017,,Average,0,Active
EMP3994,Ganesh,Gupta,ganesh.gupta@example.com,9048364811,Support-Karnataka,1998,28,12/14/2023,79124.63,Good,TRUE,Active
EMP3995,Anjali,Krishnan,anjali.krishnan@example.com,9676877759,Marketing-Rajasthan,1975,51,6/8/2021,119338.19,Poor,Y,Inactive
EMP3996,Hema,Chatterjee,hema.chatterjee@example.com,9615001113,Legal-Karnataka,1979,47,4/7/2015,144991.64,Good,TRUE,Active
EMP3997,Suresh  ,Verma,suresh.verma@example.com,8991573806,DevOps-Rajasthan,1969,57,2/22/2015,35878.86,Poor,Y,Active
EMP3998,Vikram,Das,vikram.das@example.com,,Operations-Karnataka,1976,50,11/6/2019,63194.08,Poor,FALSE,On Leave
EMP3999,Divya,Krishnan,divya.krishnan@example.com,7586794336,,2002,24,9/13/2020,93978.08,Poor,N,Pending
